"","Cresc.5a","DY","Div.Brut/Pat.","EBITDA","EV/EBIT","Liq.2m.","Liq.Corr.","Mrg.Liq.","P/Ativ.Circ.Liq.","P/Ativo","P/Cap.Giro","P/EBIT","P/L","P/VP","PSR","Pat.Liq","ROE","ROIC","cotacao","dateCreated","names"
"ABCB4","0,69%","5,39%","0,00","0,00%","0,00","6.841.530,00","0,00","0,00%","0,00","0,000","0,00","0,00","8,83","1,24","0,000","2.893.220.000,00","14,05%","0,00%","19,69",2017-02-18,"ABCB4"
"ABEV3","3,37%","3,22%","0,09","34,04%","17,23","176.505.000,00","0,91","26,21%","-28,45","3,580","-150,14","17,44","23,55","5,97","5,935","47.431.600.000,00","25,36%","25,44%","18,02",2017-02-18,"ABEV3"
"AELP3","8,26%","0,91%","3,06","3,75%","8,08","3.224,12","1,12","-0,28%","-0,20","0,098","2,92","2,93","-31,03","1,11","0,110","1.206.820.000,00","-3,56%","4,17%","14,04",2017-02-18,"AELP3"
"AFLT3","-4,37%","7,75%","0,05","48,30%","17,97","766,02","12,77","56,24%","4,35","3,017","4,10","20,43","17,55","3,37","9,868","74.743.000,00","19,19%","26,43%","3,99",2017-02-18,"AFLT3"
"AFLU3","9,79%","9,20%","0,00","22,94%","10,70","441,33","3,14","20,42%","13,98","1,837","11,81","11,80","13,26","2,03","2,708","44.893.000,00","15,33%","20,04%","4,85",2017-02-18,"AFLU3"
"AGRO3","1,39%","5,00%","0,16","-36,29%","-17,20","740.822,00","2,06","-33,03%","7,47","0,809","5,09","-17,99","-19,77","1,01","6,529","656.429.000,00","-5,12%","-5,72%","11,67",2017-02-18,"AGRO3"
"AHEB5","1,18%","0,00%","0,00","-5,85%","-31,53","481,00","0,52","-7,12%","-2,69","1,355","-13,03","-31,65","-26,00","3,54","1,852","103.777.000,00","-13,63%","-4,60%","71,01",2017-02-18,"AHEB5"
"AHEB6","1,18%","0,00%","0,00","-5,85%","-28,85","297,62","0,52","-7,12%","-2,46","1,240","-11,92","-28,97","-23,80","3,24","1,695","103.777.000,00","-13,63%","-4,60%","65,00",2017-02-18,"AHEB6"
"ALPA3","9,66%","2,88%","0,26","13,39%","8,48","29.343,90","2,19","7,56%","8,43","1,210","3,77","8,25","14,44","2,28","1,105","1.955.080.000,00","15,81%","18,66%","9,49",2017-02-18,"ALPA3"
"ALPA4","9,66%","2,59%","0,26","13,39%","10,30","4.972.470,00","2,19","7,56%","10,29","1,478","4,60","10,08","17,64","2,79","1,350","1.955.080.000,00","15,81%","18,66%","11,59",2017-02-18,"ALPA4"
"ALSC3","11,87%","0,00%","0,00","56,21%","9,80","8.208.240,00","1,33","0,82%","-2,25","0,732","17,93","11,08","-367,74","1,49","6,230","2.139.910.000,00","-0,41%","7,23%","15,75",2017-02-18,"ALSC3"
"ALUP11","6,87%","3,58%","1,61","73,93%","7,55","6.253.520,00","1,60","38,69%","-1,58","0,471","4,78","4,23","22,86","1,66","3,128","2.938.260.000,00","7,28%","12,38%","19,52",2017-02-18,"ALUP11"
"ALUP3","6,87%","3,31%","1,61","73,93%","7,90","4.424,64","1,60","38,69%","-1,71","0,509","5,17","4,58","24,73","1,80","3,385","2.938.260.000,00","7,28%","12,38%","7,04",2017-02-18,"ALUP3"
"ALUP4","6,87%","3,95%","1,61","73,93%","7,16","2.270,29","1,60","38,69%","-1,44","0,427","4,33","3,84","20,72","1,51","2,836","2.938.260.000,00","7,28%","12,38%","5,90",2017-02-18,"ALUP4"
"AMAR3","2,61%","0,00%","0,97","7,21%","9,10","1.318.680,00","2,08","-2,20%","-451,57","0,519","1,61","6,61","-21,67","1,38","0,477","1.025.170.000,00","-6,37%","10,80%","6,93",2017-02-18,"AMAR3"
"ANIM3","22,65%","1,41%","0,56","9,98%","13,63","1.684.060,00","1,89","5,61%","-4,03","0,765","4,86","11,85","21,08","1,61","1,182","676.571.000,00","7,63%","7,75%","13,45",2017-02-18,"ANIM3"
"ARZZ3","9,74%","2,79%","0,15","12,34%","17,29","5.199.900,00","3,12","9,61%","5,88","2,873","5,42","18,16","23,30","4,05","2,240","654.960.000,00","17,38%","24,41%","29,85",2017-02-18,"ARZZ3"
"ATOM3","0,00%","0,00%","0,00","0,00%","-268,43","216.938,00","0,00","0,00%","0,00","149,533","0,00","-268,43","-601,20","-10,80","0,000","-8.131.000,00","1,80%","0,00%","4,20",2017-02-18,"ATOM3"
"AZEV4","12,18%","0,00%","0,52","-10,52%","-1,69","93.472,60","1,27","-8,09%","-0,92","0,261","2,22","-1,34","-2,77","1,63","0,141","23.374.000,00","-58,85%","-22,31%","1,41",2017-02-18,"AZEV4"
"BAHI3","0,00%","0,00%","0,00","0,00%","2,27","16.898,70","0,00","0,00%","0,00","0,623","0,00","-6,67","16,87","0,69","0,000","32.367.000,00","4,10%","0,00%","37,10",2017-02-18,"BAHI3"
"BALM4","4,64%","4,76%","0,32","10,06%","8,10","1.053,19","2,58","6,39%","2,05","0,486","1,26","6,89","11,90","0,88","0,693","91.152.000,00","7,41%","7,92%","8,20",2017-02-18,"BALM4"
"BAUH4","7,53%","2,86%","0,01","8,33%","3,74","4.476,76","1,42","5,06%","9,24","0,777","4,82","4,58","7,54","1,43","0,382","33.672.000,00","19,03%","23,76%","9,25",2017-02-18,"BAUH4"
"BAZA3","20,13%","10,64%","0,00","0,00%","0,00","24.781,00","0,00","0,00%","0,00","0,000","0,00","0,00","9,73","0,45","0,000","1.900.870.000,00","4,67%","0,00%","29,10",2017-02-18,"BAZA3"
"BBAS3","-2,09%","2,01%","0,00","0,00%","0,00","179.353.000,00","0,00","0,00%","0,00","0,000","0,00","0,00","9,65","1,22","0,000","74.597.300.000,00","12,68%","0,00%","31,86",2017-02-18,"BBAS3"
"BBDC3","37,01%","3,78%","0,00","0,00%","0,00","42.000.900,00","0,00","0,00%","0,00","0,000","0,00","0,00","11,75","1,76","0,000","100.442.000.000,00","15,02%","0,00%","31,90",2017-02-18,"BBDC3"
"BBDC4","37,01%","4,00%","0,00","0,00%","0,00","281.847.000,00","0,00","0,00%","0,00","0,000","0,00","0,00","12,18","1,83","0,000","100.442.000.000,00","15,02%","0,00%","33,09",2017-02-18,"BBDC4"
"BBRK3","-26,09%","0,00%","0,00","-60,04%","-4,73","662.764,00","2,49","-91,95%","11,87","0,756","6,63","-5,14","-3,30","0,90","3,087","387.185.000,00","-27,18%","-15,83%","1,80",2017-02-18,"BBRK3"
"BBSE3","0,00%","5,77%","0,00","0,00%","0,00","103.297.000,00","0,00","0,00%","0,00","0,000","0,00","0,00","0,00","0,00","0,000","0,00","0,00%","0,00%","28,85",2017-02-18,"BBSE3"
"BBTG11","0,00%","0,00%","0,00","0,00%","0,00","21.680.500,00","0,00","0,00%","0,00","0,000","0,00","0,00","0,00","0,00","0,000","0,00","0,00%","0,00%","17,81",2017-02-18,"BBTG11"
"BDLL4","-4,19%","0,00%","0,53","-3,24%","-15,90","9.592,05","1,02","-2,01%","-0,58","0,074","6,43","-4,26","-6,88","0,19","0,138","325.091.000,00","-2,76%","-1,90%","38,50",2017-02-18,"BDLL4"
"BEEF3","24,69%","0,00%","10,63","10,28%","6,34","9.499.630,00","2,17","2,53%","-1,11","0,327","0,96","2,89","11,73","4,61","0,297","633.381.000,00","39,31%","19,27%","12,18",2017-02-18,"BEEF3"
"BEES3","8,41%","5,76%","0,00","0,00%","0,00","126.653,00","0,00","0,00%","0,00","0,000","0,00","0,00","7,27","0,87","0,000","1.232.830.000,00","11,95%","0,00%","3,39",2017-02-18,"BEES3"
"BEES4","8,41%","5,43%","0,00","0,00%","0,00","12.980,40","0,00","0,00%","0,00","0,000","0,00","0,00","7,72","0,92","0,000","1.232.830.000,00","11,95%","0,00%","3,60",2017-02-18,"BEES4"
"BGIP3","-9,19%","1,78%","0,00","0,00%","0,00","752,79","0,00","0,00%","0,00","0,000","0,00","0,00","21,71","0,90","0,000","317.531.000,00","4,12%","0,00%","18,60",2017-02-18,"BGIP3"
"BGIP4","-9,19%","1,93%","0,00","0,00%","0,00","14.284,90","0,00","0,00%","0,00","0,000","0,00","0,00","22,06","0,91","0,000","317.531.000,00","4,12%","0,00%","18,90",2017-02-18,"BGIP4"
"BIOM3","0,00%","0,00%","0,00","0,00%","-10,22","21.004,60","0,00","0,00%","0,00","0,932","0,00","-7,37","-6,34","2,56","0,000","78.420.000,00","-40,28%","0,00%","6,50",2017-02-18,"BIOM3"
"BMEB3","11,62%","9,33%","0,00","0,00%","0,00","2.105,98","0,00","0,00%","0,00","0,000","0,00","0,00","11,33","0,42","0,000","712.192.000,00","3,68%","0,00%","6,45",2017-02-18,"BMEB3"
"BMEB4","11,62%","12,75%","0,00","0,00%","0,00","71.856,50","0,00","0,00%","0,00","0,000","0,00","0,00","9,12","0,34","0,000","712.192.000,00","3,68%","0,00%","5,19",2017-02-18,"BMEB4"
"BMIN3","13,90%","0,30%","0,00","0,00%","0,00","4.678,10","0,00","0,00%","0,00","0,000","0,00","0,00","15,97","0,57","0,000","259.450.000,00","3,57%","0,00%","0,81",2017-02-18,"BMIN3"
"BMIN4","13,90%","1,22%","0,00","0,00%","0,00","316.578,00","0,00","0,00%","0,00","0,000","0,00","0,00","11,44","0,41","0,000","259.450.000,00","3,57%","0,00%","0,58",2017-02-18,"BMIN4"
"BMKS3","-13,74%","7,58%","0,00","-38,59%","3,27","2.976,80","21,59","86,33%","0,84","0,635","0,77","-18,27","8,28","0,73","7,053","187.657.000,00","8,78%","-13,94%","299,99",2017-02-18,"BMKS3"
"BMTO4","0,00%","0,00%","0,00","0,00%","-2.624,05","507,93","0,00","0,00%","0,00","2,030","0,00","-2.625,16","17,27","2,07","0,000","1.046.320.000,00","12,00%","0,00%","7,57",2017-02-18,"BMTO4"
"BNBR3","6,83%","3,35%","0,00","0,00%","0,00","5.436,36","0,00","0,00%","0,00","0,000","0,00","0,00","7,78","0,71","0,000","3.025.880.000,00","9,17%","0,00%","25,00",2017-02-18,"BNBR3"
"BOBR4","2,46%","0,00%","-0,42","0,72%","31,86","139.411,00","0,47","-12,23%","-0,17","0,192","-0,41","15,99","-0,94","-0,37","0,115","-329.103.000,00","39,71%","1,62%","2,27",2017-02-18,"BOBR4"
"BPAN4","62,39%","0,00%","0,00","0,00%","0,00","936.517,00","0,00","0,00%","0,00","0,000","0,00","0,00","-10,50","0,73","0,000","3.412.160.000,00","-6,95%","0,00%","2,68",2017-02-18,"BPAN4"
"BPHA3","1,68%","0,00%","0,95","-13,02%","-4,53","2.014.470,00","0,53","-32,01%","-0,91","0,431","-2,52","-2,73","-1,11","1,30","0,356","626.545.000,00","-116,56%","-19,08%","7,18",2017-02-18,"BPHA3"
"BRAP3","0,00%","0,54%","0,00","0,00%","-535,24","1.034.140,00","0,00","0,00%","0,00","0,643","0,00","-457,82","-4,62","0,81","0,000","8.003.540.000,00","-17,57%","0,00%","18,58",2017-02-18,"BRAP3"
"BRAP4","0,00%","0,49%","0,00","0,00%","-639,72","51.379.600,00","0,00","0,00%","0,00","0,789","0,00","-562,29","-5,67","1,00","0,000","8.003.540.000,00","-17,57%","0,00%","22,82",2017-02-18,"BRAP4"
"BRFS3","3,99%","1,76%","1,50","8,96%","15,63","95.347.800,00","1,41","4,43%","-3,15","0,828","6,49","11,69","23,77","2,88","1,047","12.386.000.000,00","12,13%","10,24%","43,96",2017-02-18,"BRFS3"
"BRGE12","5,50%","0,00%","0,00","-713,93%","5,63","689,93","1,50","306,62%","1,56","0,068","0,35","-0,99","3,43","0,21","7,067","1.034.730.000,00","6,23%","-12,56%","3,00",2017-02-18,"BRGE12"
"BRGE3","5,50%","0,09%","0,00","-713,93%","5,21","205,74","1,50","306,62%","2,21","0,096","0,50","-1,40","4,86","0,30","10,011","1.034.730.000,00","6,23%","-12,56%","4,25",2017-02-18,"BRGE3"
"BRGE5","5,50%","0,00%","0,00","-713,93%","5,79","5,95","1,50","306,62%","1,30","0,057","0,29","-0,82","2,86","0,18","5,889","1.034.730.000,00","6,23%","-12,56%","2,50",2017-02-18,"BRGE5"
"BRIN3","-7,95%","0,00%","0,00","-87,21%","-0,80","889.709,00","2,91","-78,38%","3,46","0,342","2,57","-1,19","-1,28","0,38","1,033","393.317.000,00","-29,90%","-32,64%","19,62",2017-02-18,"BRIN3"
"BRIV3","-29,35%","2,47%","0,00","0,00%","0,00","2.648,19","0,00","0,00%","0,00","0,000","0,00","0,00","5,06","0,31","0,000","1.339.880.000,00","6,04%","0,00%","4,60",2017-02-18,"BRIV3"
"BRIV4","-29,35%","8,04%","0,00","0,00%","0,00","28.329,90","0,00","0,00%","0,00","0,000","0,00","0,00","6,76","0,41","0,000","1.339.880.000,00","6,04%","0,00%","6,15",2017-02-18,"BRIV4"
"BRKM3","8,55%","7,98%","4,30","19,54%","4,16","69.116,10","1,26","4,13%","-0,79","0,473","7,22","2,65","10,93","4,69","0,517","5.354.830.000,00","42,89%","25,43%","31,50",2017-02-18,"BRKM3"
"BRKM5","8,55%","3,83%","4,30","19,54%","4,27","39.197.600,00","1,26","4,13%","-0,82","0,493","7,52","2,76","11,39","4,89","0,539","5.354.830.000,00","42,89%","25,43%","32,82",2017-02-18,"BRKM5"
"BRKM6","8,55%","1,21%","4,30","19,54%","5,72","119,05","1,26","4,13%","-1,25","0,751","11,46","4,20","17,36","7,44","0,821","5.354.830.000,00","42,89%","25,43%","50,00",2017-02-18,"BRKM6"
"BRML3","5,53%","0,00%","0,51","75,49%","14,14","75.670.800,00","1,55","31,17%","-1,03","0,464","30,68","9,57","27,25","0,99","7,228","9.525.490.000,00","3,63%","4,95%","15,40",2017-02-18,"BRML3"
"BRPR3","-8,27%","0,00%","0,71","63,36%","17,47","8.874.820,00","1,77","6,57%","-0,83","0,300","5,61","9,35","95,63","0,58","5,924","4.729.140.000,00","0,61%","3,59%","9,25",2017-02-18,"BRPR3"
"BRSR3","3,07%","3,33%","0,00","0,00%","0,00","31.859,40","0,00","0,00%","0,00","0,000","0,00","0,00","11,29","1,16","0,000","6.440.520.000,00","10,24%","0,00%","18,21",2017-02-18,"BRSR3"
"BRSR5","3,07%","3,18%","0,00","0,00%","0,00","30.860,40","0,00","0,00%","0,00","0,000","0,00","0,00","11,84","1,21","0,000","6.440.520.000,00","10,24%","0,00%","19,10",2017-02-18,"BRSR5"
"BRSR6","3,07%","3,66%","0,00","0,00%","0,00","16.564.700,00","0,00","0,00%","0,00","0,000","0,00","0,00","10,29","1,05","0,000","6.440.520.000,00","10,24%","0,00%","16,59",2017-02-18,"BRSR6"
"BSEV3","20,40%","0,00%","-12,75","9,49%","10,32","485.746,00","0,82","-1,74%","-0,25","0,171","-2,10","2,35","-12,74","-3,44","0,223","-463.227.000,00","26,98%","8,60%","7,25",2017-02-18,"BSEV3"
"BSLI3","30,59%","2,45%","0,00","0,00%","0,00","196,43","0,00","0,00%","0,00","0,000","0,00","0,00","6,51","0,83","0,000","1.204.870.000,00","12,74%","0,00%","27,50",2017-02-18,"BSLI3"
"BSLI4","30,59%","2,93%","0,00","0,00%","0,00","1.766,81","0,00","0,00%","0,00","0,000","0,00","0,00","5,44","0,69","0,000","1.204.870.000,00","12,74%","0,00%","23,00",2017-02-18,"BSLI4"
"BTOW3","19,38%","0,00%","1,33","4,16%","20,50","8.421.110,00","1,61","-6,42%","-2,19","0,462","2,62","12,71","-8,24","1,41","0,529","3.171.370.000,00","-17,17%","5,34%","13,10",2017-02-18,"BTOW3"
"BTTL3","-25,14%","0,00%","2,34","-12,45%","-6,82","6.595,83","0,32","42,87%","-0,80","0,563","-1,99","-4,13","1,20","3,47","0,514","37.551.000,00","289,43%","-14,66%","8,49",2017-02-18,"BTTL3"
"BTTL4","-25,14%","0,00%","2,34","-12,45%","-6,60","12.993,10","0,32","42,87%","-0,76","0,533","-1,88","-3,91","1,13","3,28","0,486","37.551.000,00","289,43%","-14,66%","8,03",2017-02-18,"BTTL4"
"BVMF3","1,37%","2,57%","0,11","49,55%","25,91","187.518.000,00","2,59","4,93%","66,76","1,307","6,37","31,98","320,86","1,91","15,846","18.607.000.000,00","0,59%","6,05%","19,56",2017-02-18,"BVMF3"
"CAMB4","2,34%","0,00%","-7,56","7,65%","6,13","4.615,69","0,70","-10,19%","-0,18","0,081","-0,30","0,79","-0,62","-1,08","0,060","-17.936.000,00","174,50%","12,25%","5,01",2017-02-18,"CAMB4"
"CARD3","6,68%","4,28%","0,30","11,51%","6,10","2.309.160,00","1,12","6,66%","-7,46","0,888","26,91","5,59","9,67","1,55","0,644","195.202.000,00","16,05%","18,87%","7,25",2017-02-18,"CARD3"
"CBEE3","8,27%","0,00%","1,35","1,69%","90,70","1.135,95","0,95","-4,55%","-1,04","0,497","-42,45","52,07","-19,36","1,71","0,882","2.298.260.000,00","-8,84%","1,06%","40,10",2017-02-18,"CBEE3"
"CBMA3","5,31%","0,00%","0,00","0,00%","0,00","480,95","0,00","0,00%","0,00","0,025","0,00","0,00","0,00","-0,00","0,000","-7.464.410.000,00","0,00%","0,00%","0,04",2017-02-18,"CBMA3"
"CBMA4","5,31%","0,00%","0,00","0,00%","0,00","3.252,38","0,00","0,00%","0,00","0,006","0,00","0,00","0,00","-0,00","0,000","-7.464.410.000,00","0,00%","0,00%","0,01",2017-02-18,"CBMA4"
"CCPR3","-3,12%","0,39%","1,99","51,80%","16,21","102.392,00","0,81","4,67%","-0,67","0,304","-13,22","6,72","-58,00","1,22","3,480","1.173.230.000,00","-2,11%","4,88%","12,00",2017-02-18,"CCPR3"
"CCRO3","15,63%","3,38%","3,32","28,95%","17,58","107.201.000,00","0,64","17,57%","-2,49","1,550","-15,00","13,21","20,66","8,21","3,824","4.500.800.000,00","39,75%","13,46%","18,30",2017-02-18,"CCRO3"
"CCXC3","0,00%","0,00%","0,00","0,00%","0,53","259.232,00","0,00","0,00%","0,00","0,569","0,00","-1,00","-1,03","-1,06","0,000","-24.291.000,00","103,58%","0,00%","1,52",2017-02-18,"CCXC3"
"CEBR3","11,43%","0,00%","0,73","1,39%","21,92","3.707,36","1,11","12,29%","-0,36","0,099","2,13","10,53","1,32","0,55","0,146","578.808.000,00","41,39%","1,05%","22,01",2017-02-18,"CEBR3"
"CEBR5","11,43%","0,00%","0,73","1,39%","24,07","63.326,90","1,11","12,29%","-0,44","0,120","2,57","12,67","1,59","0,66","0,176","578.808.000,00","41,39%","1,05%","26,50",2017-02-18,"CEBR5"
"CEBR6","11,43%","0,00%","0,73","1,39%","22,40","54,79","1,11","12,29%","-0,38","0,104","2,23","11,00","1,38","0,57","0,153","578.808.000,00","41,39%","1,05%","23,01",2017-02-18,"CEBR6"
"CEDO3","-3,74%","0,00%","1,73","-8,95%","-6,96","831,29","0,91","-23,78%","-0,25","0,094","-2,46","-1,41","-0,55","0,43","0,126","132.282.000,00","-78,38%","-7,41%","5,70",2017-02-18,"CEDO3"
"CEDO4","-3,74%","0,00%","1,73","-8,95%","-6,43","5.816,74","0,91","-23,78%","-0,15","0,059","-1,53","-0,88","-0,34","0,27","0,079","132.282.000,00","-78,38%","-7,41%","3,55",2017-02-18,"CEDO4"
"CEEB3","7,01%","5,44%","1,32","13,15%","8,87","4.382,50","0,80","4,52%","-0,96","0,459","-10,26","4,57","13,28","1,36","0,600","3.151.000.000,00","10,21%","11,00%","22,70",2017-02-18,"CEEB3"
"CEEB5","7,01%","4,94%","1,32","13,15%","9,33","416,67","0,80","4,52%","-1,06","0,506","-11,30","5,03","14,63","1,49","0,661","3.151.000.000,00","10,21%","11,00%","25,00",2017-02-18,"CEEB5"
"CEED3","11,40%","0,00%","-0,63","-20,06%","-1,33","8.178,93","0,45","-19,08%","-0,10","0,101","-0,38","-0,56","-0,58","-0,44","0,111","-720.443.000,00","76,00%","-20,25%","33,00",2017-02-18,"CEED3"
"CEGR3","9,96%","0,00%","0,74","15,79%","13,73","185,71","0,69","8,25%","-7,07","2,474","-29,34","12,19","23,34","5,37","1,925","1.257.490.000,00","23,00%","22,95%","26,00",2017-02-18,"CEGR3"
"CELP5","19,99%","1,75%","0,68","13,09%","13,15","6.428,74","1,20","6,34%","-2,52","0,909","15,76","11,53","23,81","3,04","1,509","2.073.170.000,00","12,76%","9,32%","2,85",2017-02-18,"CELP5"
"CELP7","19,99%","2,62%","0,68","13,09%","9,35","277,14","1,20","6,34%","-1,69","0,609","10,56","7,73","15,95","2,04","1,012","2.073.170.000,00","12,76%","9,32%","1,91",2017-02-18,"CELP7"
"CEPE5","9,75%","0,10%","1,31","2,79%","26,27","3.457,00","0,73","-1,45%","-0,55","0,247","-2,83","10,15","-19,53","0,78","0,283","1.603.960.000,00","-4,00%","2,74%","16,81",2017-02-18,"CEPE5"
"CESP3","-11,06%","3,11%","0,08","41,55%","6,01","85.629,40","1,41","-4,14%","-1,63","0,437","18,30","6,02","-60,39","0,69","2,499","7.402.900.000,00","-1,14%","7,69%","15,50",2017-02-18,"CESP3"
"CESP5","-11,06%","18,57%","0,08","41,55%","7,62","7.227,12","1,41","-4,14%","-2,07","0,554","23,20","7,63","-76,56","0,87","3,168","7.402.900.000,00","-1,14%","7,69%","19,65",2017-02-18,"CESP5"
"CESP6","-11,06%","2,64%","0,08","41,55%","7,07","25.835.500,00","1,41","-4,14%","-1,92","0,514","21,52","7,08","-71,03","0,81","2,940","7.402.900.000,00","-1,14%","7,69%","18,23",2017-02-18,"CESP6"
"CGAS3","1,80%","22,76%","1,57","28,32%","4,89","152.655,00","1,52","15,93%","-1,92","0,677","5,71","3,67","6,52","2,27","1,038","2.590.750.000,00","34,78%","30,04%","46,13",2017-02-18,"CGAS3"
"CGAS5","1,80%","23,91%","1,57","28,32%","5,02","2.534.340,00","1,52","15,93%","-1,98","0,702","5,92","3,80","6,75","2,35","1,075","2.590.750.000,00","34,78%","30,04%","47,77",2017-02-18,"CGAS5"
"CGRA3","7,01%","6,59%","0,00","10,55%","5,92","164.968,00","4,13","13,43%","2,12","0,624","1,53","9,31","7,31","0,82","0,981","476.231.000,00","11,29%","9,88%","17,92",2017-02-18,"CGRA3"
"CGRA4","7,01%","6,88%","0,00","10,55%","5,54","290.612,00","4,13","13,43%","2,04","0,598","1,47","8,92","7,01","0,79","0,941","476.231.000,00","11,29%","9,88%","17,18",2017-02-18,"CGRA4"
"CIEL3","23,84%","2,15%","1,17","37,15%","16,03","207.536.000,00","1,75","34,01%","-16,71","2,132","11,05","14,25","16,26","7,04","5,293","9.243.400.000,00","43,33%","18,61%","28,76",2017-02-18,"CIEL3"
"CLSC3","11,83%","0,00%","0,39","0,27%","42,21","628,29","0,96","1,16%","-0,32","0,097","-5,42","50,45","11,73","0,39","0,136","2.189.230.000,00","3,30%","0,23%","22,00",2017-02-18,"CLSC3"
"CLSC4","11,83%","0,01%","0,39","0,27%","32,58","162.029,00","0,96","1,16%","-0,26","0,078","-4,39","40,82","9,49","0,31","0,110","2.189.230.000,00","3,30%","0,23%","17,80",2017-02-18,"CLSC4"
"CMIG3","5,11%","5,55%","1,14","19,44%","7,53","613.877,00","0,73","4,77%","-0,72","0,340","-4,64","3,90","15,89","1,03","0,758","14.251.600.000,00","6,48%","9,66%","11,66",2017-02-18,"CMIG3"
"CMIG4","5,11%","6,45%","1,14","19,44%","6,98","52.579.800,00","0,73","4,77%","-0,62","0,292","-3,99","3,35","13,67","0,89","0,652","14.251.600.000,00","6,48%","9,66%","10,03",2017-02-18,"CMIG4"
"COCE3","11,49%","2,20%","0,57","11,68%","9,12","690,50","1,26","8,36%","-3,56","0,661","9,03","7,14","9,98","1,44","0,834","2.266.910.000,00","14,46%","11,03%","42,00",2017-02-18,"COCE3"
"COCE5","11,49%","1,97%","0,57","11,68%","9,98","310.494,00","1,26","8,36%","-3,99","0,740","10,11","7,99","11,17","1,61","0,934","2.266.910.000,00","14,46%","11,03%","47,02",2017-02-18,"COCE5"
"CPFE3","8,37%","1,65%","2,42","14,77%","14,88","30.235.000,00","1,45","6,07%","-1,55","0,691","8,09","9,66","24,33","3,23","1,427","8.034.530.000,00","13,28%","8,89%","25,50",2017-02-18,"CPFE3"
"CPLE3","15,85%","4,74%","0,57","18,36%","5,68","710.177,00","1,05","11,22%","-0,66","0,215","26,30","2,75","4,58","0,43","0,505","15.284.600.000,00","9,39%","8,68%","24,00",2017-02-18,"CPLE3"
"CPLE6","15,85%","3,75%","0,57","18,36%","6,76","15.430.300,00","1,05","11,22%","-0,91","0,300","36,63","3,83","6,37","0,60","0,703","15.284.600.000,00","9,39%","8,68%","33,43",2017-02-18,"CPLE6"
"CPRE3","26,88%","0,00%","1,55","44,97%","16,66","765.798,00","0,76","-2,20%","-0,88","0,509","-20,60","8,66","-135,40","1,52","3,894","4.052.780.000,00","-1,12%","6,20%","12,24",2017-02-18,"CPRE3"
"CRDE3","-45,49%","0,00%","0,00","-50,33%","-4,30","37.067,80","6,08","-52,46%","0,62","0,254","0,58","-6,52","-5,99","0,31","3,279","232.438.000,00","-5,15%","-4,35%","1,48",2017-02-18,"CRDE3"
"CREM3","11,23%","0,24%","2,09","9,14%","7,82","2.397,17","1,38","1,41%","-1,86","0,488","3,53","4,23","27,80","2,04","0,387","150.244.000,00","7,33%","14,67%","10,02",2017-02-18,"CREM3"
"CRIV3","0,03%","0,00%","0,00","0,00%","0,00","4.830,57","0,00","0,00%","0,00","0,000","0,00","0,00","9,11","0,45","0,000","801.741.000,00","4,96%","0,00%","3,50",2017-02-18,"CRIV3"
"CRIV4","0,03%","8,84%","0,00","0,00%","0,00","2.267,24","0,00","0,00%","0,00","0,000","0,00","0,00","10,41","0,52","0,000","801.741.000,00","4,96%","0,00%","4,00",2017-02-18,"CRIV4"
"CRPG5","-13,13%","0,00%","0,00","-6,36%","-6,47","51.287,30","0,00","-2,53%","0,00","0,217","0,00","-8,57","-21,55","0,32","0,545","371.684.000,00","-1,51%","0,00%","5,20",2017-02-18,"CRPG5"
"CRPG6","-13,13%","0,00%","0,00","-6,36%","-7,11","1.283,17","0,00","-2,53%","0,00","0,233","0,00","-9,21","-23,17","0,35","0,586","371.684.000,00","-1,51%","0,00%","5,59",2017-02-18,"CRPG6"
"CSAB3","0,00%","10,04%","0,00","0,00%","0,00","228,26","0,00","0,00%","0,00","0,000","0,00","0,00","0,00","0,00","0,000","0,00","0,00%","0,00%","45,85",2017-02-18,"CSAB3"
"CSAB4","0,00%","10,33%","0,00","0,00%","0,00","1.383,50","0,00","0,00%","0,00","0,000","0,00","0,00","0,00","0,00","0,000","0,00","0,00%","0,00%","49,01",2017-02-18,"CSAB4"
"CSAN3","-28,40%","5,06%","1,01","18,66%","15,75","32.113.900,00","2,14","24,49%","-1,88","0,591","4,26","11,68","11,31","1,94","2,181","8.949.200.000,00","17,12%","5,95%","42,55",2017-02-18,"CSAN3"
"CSMG3","3,84%","1,32%","0,59","15,80%","14,21","25.487.300,00","1,59","6,49%","-1,83","0,568","9,88","9,78","23,82","1,06","1,545","5.865.430.000,00","4,46%","6,25%","49,16",2017-02-18,"CSMG3"
"CSNA3","-1,07%","0,00%","3,76","10,72%","24,23","49.983.000,00","2,24","8,51%","-0,73","0,388","2,61","10,02","13,09","2,18","1,074","8.061.980.000,00","16,64%","4,58%","12,65",2017-02-18,"CSNA3"
"CSRN3","7,70%","6,66%","1,19","14,74%","13,24","321,62","0,90","10,06%","-2,92","1,122","-39,24","10,14","14,86","3,14","1,495","855.874.000,00","21,14%","13,25%","16,00",2017-02-18,"CSRN3"
"CTAX3","-8,69%","0,00%","58,32","-10,93%","-4,39","225.727,00","1,74","-8,34%","-0,03","0,016","0,08","-0,15","-0,20","1,31","0,016","28.263.000,00","-671,54%","-15,93%","8,86",2017-02-18,"CTAX3"
"CTIP3","13,67%","3,83%","0,74","51,31%","15,80","60.561.200,00","1,08","37,04%","-21,87","3,196","115,00","15,67","21,70","6,77","8,038","1.834.540.000,00","31,21%","30,86%","47,25",2017-02-18,"CTIP3"
"CTKA3","-4,91%","0,00%","-1,77","2,44%","49,16","574,76","0,40","-27,34%","-0,14","0,136","-0,16","5,92","-0,53","-0,24","0,144","-184.502.000,00","44,55%","2,58%","7,00",2017-02-18,"CTKA3"
"CTKA4","-4,91%","0,00%","-1,77","2,44%","47,84","750.259,00","0,40","-27,34%","-0,11","0,106","-0,13","4,61","-0,41","-0,18","0,112","-184.502.000,00","44,55%","2,58%","5,45",2017-02-18,"CTKA4"
"CTNM3","11,35%","0,00%","1,67","6,22%","7,48","2.643,90","1,46","-5,12%","-0,85","0,054","0,34","1,07","-1,53","0,23","0,066","775.873.000,00","-14,91%","5,81%","5,78",2017-02-18,"CTNM3"
"CTNM4","11,35%","0,00%","1,67","6,22%","7,43","45.144,90","1,46","-5,12%","-0,81","0,052","0,32","1,02","-1,46","0,22","0,063","775.873.000,00","-14,91%","5,81%","5,51",2017-02-18,"CTNM4"
"CTSA3","-1,83%","0,00%","0,47","-0,53%","-101,35","21.313,00","1,45","-4,20%","1,91","0,187","1,17","-42,83","-5,39","0,32","0,226","245.404.000,00","-5,95%","-0,48%","2,00",2017-02-18,"CTSA3"
"CTSA4","-1,83%","0,00%","0,47","-0,53%","-105,63","12.928,90","1,45","-4,20%","2,10","0,205","1,29","-47,12","-5,92","0,35","0,249","245.404.000,00","-5,95%","-0,48%","2,20",2017-02-18,"CTSA4"
"CVCB3","23,58%","3,18%","0,52","49,80%","7,59","18.957.800,00","1,16","19,19%","49,34","1,152","10,55","7,11","20,23","6,24","3,542","605.041.000,00","30,84%","19,39%","28,10",2017-02-18,"CVCB3"
"CYRE3","-13,31%","1,32%","0,58","9,22%","24,38","30.356.300,00","3,10","9,36%","1,90","0,452","0,98","17,93","25,02","0,91","1,652","6.016.680.000,00","3,63%","2,96%","13,67",2017-02-18,"CYRE3"
"CZLT33","-16,66%","0,00%","2,85","20,31%","7,65","2.335.780,00","1,50","10,45%","-0,24","0,111","1,71","2,18","8,17","0,93","0,442","6.242.350.000,00","11,39%","5,64%","27,95",2017-02-18,"CZLT33"
"DAGB33","42,21%","0,00%","1,48","4,40%","0,00","2.568.000,00","1,18","-0,18%","0,00","0,000","0,00","0,00","0,00","0,00","0,000","9.945.670.000,00","-2,13%","4,29%","435,00",2017-02-18,"DAGB33"
"DASA3","7,06%","0,40%","0,42","10,91%","25,97","19.200,00","2,17","3,05%","-16,17","1,608","9,67","24,15","86,78","2,72","2,635","2.875.820.000,00","3,13%","7,87%","25,13",2017-02-18,"DASA3"
"DIRR3","3,06%","4,71%","0,55","6,86%","11,90","4.269.460,00","3,35","6,88%","3,64","0,216","0,50","8,64","10,62","0,54","0,593","1.658.890.000,00","5,05%","3,00%","5,80",2017-02-18,"DIRR3"
"DOHL3","8,01%","0,00%","0,04","2,70%","31,75","19,02","5,13","2,91%","2,58","0,642","1,66","36,73","34,15","0,84","0,993","506.102.000,00","2,45%","2,05%","7,00",2017-02-18,"DOHL3"
"DOHL4","8,01%","0,00%","0,04","2,70%","17,85","12.995,70","5,13","2,91%","1,61","0,399","1,03","22,83","21,22","0,52","0,617","506.102.000,00","2,45%","2,05%","4,35",2017-02-18,"DOHL4"
"DTCY3","4,25%","0,00%","15,41","2,63%","119,82","2.544,83","0,92","-2,48%","-2,80","1,716","-56,58","100,58","-106,67","72,97","2,648","459.000,00","-68,41%","1,89%","4,30",2017-02-18,"DTCY3"
"DTEX3","3,11%","0,10%","0,76","6,70%","30,89","11.947.600,00","2,69","0,67%","-3,89","0,647","3,00","23,09","255,70","1,32","1,546","4.569.510.000,00","0,52%","3,40%","8,74",2017-02-18,"DTEX3"
"EALT4","-9,42%","3,10%","0,65","-0,54%","-91,21","4.007,19","1,82","-4,30%","-0,28","0,118","0,79","-44,18","-5,56","0,46","0,239","63.171.000,00","-8,33%","-0,28%","13,00",2017-02-18,"EALT4"
"ECOR3","6,94%","2,80%","10,91","35,48%","9,02","23.493.300,00","0,74","-33,98%","-1,08","0,762","-9,72","5,06","-5,20","11,60","1,795","453.693.000,00","-223,23%","17,40%","9,42",2017-02-18,"ECOR3"
"ECPR4","-86,37%","0,00%","0,00","0,00%","-95,50","185,64","0,00","0,00%","0,00","0,300","0,00","-63,98","-1,28","0,62","0,000","121.848.000,00","-48,77%","0,00%","39,97",2017-02-18,"ECPR4"
"EEEL3","9,44%","0,00%","0,12","66,84%","0,81","1.120,81","1,05","48,69%","-0,57","0,193","37,61","0,69","0,95","0,34","0,461","2.249.480.000,00","36,38%","30,05%","80,00",2017-02-18,"EEEL3"
"EEEL4","9,44%","0,00%","0,12","66,84%","0,63","434,21","1,05","48,69%","-0,43","0,145","28,19","0,52","0,71","0,26","0,346","2.249.480.000,00","36,38%","30,05%","59,98",2017-02-18,"EEEL4"
"EGIE3","8,61%","2,63%","0,64","41,44%","9,49","26.855.900,00","1,59","25,79%","-5,42","1,561","14,57","9,07","14,59","3,70","3,760","6.584.190.000,00","25,39%","22,09%","37,36",2017-02-18,"EGIE3"
"EKTR4","12,61%","8,51%","1,38","14,88%","7,64","1.476,24","1,24","5,40%","-1,83","0,593","7,97","5,28","14,53","1,99","0,785","1.950.110.000,00","13,68%","14,09%","20,00",2017-02-18,"EKTR4"
"ELEK3","-4,16%","0,00%","1,95","-8,12%","-5,02","267,14","1,79","-44,59%","-1,85","0,301","1,17","-2,09","-0,38","1,17","0,170","111.383.000,00","-308,56%","-17,04%","4,15",2017-02-18,"ELEK3"
"ELEK4","-4,16%","0,00%","1,95","-8,12%","-5,60","2.342,86","1,79","-44,59%","-2,37","0,385","1,50","-2,67","-0,49","1,50","0,217","111.383.000,00","-308,56%","-17,04%","5,31",2017-02-18,"ELEK4"
"ELET3","7,24%","0,00%","0,89","20,34%","5,93","28.861.400,00","0,85","-1,18%","-0,31","0,172","-6,45","2,64","-47,16","0,58","0,536","51.804.000.000,00","-1,24%","7,39%","22,32",2017-02-18,"ELET3"
"ELET6","7,24%","0,00%","0,89","20,34%","6,33","24.132.000,00","0,85","-1,18%","-0,36","0,199","-7,43","3,04","-54,32","0,67","0,618","51.804.000.000,00","-1,24%","7,39%","25,71",2017-02-18,"ELET6"
"ELPL3","8,14%","0,81%","1,73","3,67%","16,28","11.245,10","1,12","0,10%","-0,72","0,375","11,40","10,97","389,11","2,29","0,402","2.134.800.000,00","0,59%","4,29%","29,20",2017-02-18,"ELPL3"
"ELPL4","8,14%","2,10%","1,73","3,67%","9,97","16.465.300,00","1,12","0,10%","-0,30","0,159","4,85","4,66","165,37","0,97","0,171","2.134.800.000,00","0,59%","4,29%","12,41",2017-02-18,"ELPL4"
"EMAE4","3,55%","1,11%","0,12","-5,72%","-32,03","35.654,00","3,44","23,80%","-2,19","0,298","2,77","-28,19","6,78","0,42","1,613","806.875.000,00","6,18%","-1,11%","9,15",2017-02-18,"EMAE4"
"EMBR3","17,88%","0,33%","1,04","9,94%","7,64","33.257.600,00","1,82","1,67%","-3,00","0,343","1,32","6,01","37,41","1,13","0,598","11.973.400.000,00","3,03%","8,30%","18,34",2017-02-18,"EMBR3"
"ENBR3","13,59%","7,31%","0,74","15,62%","7,93","18.461.000,00","1,38","12,37%","-1,73","0,429","5,79","5,66","8,35","1,07","0,883","7.911.510.000,00","12,81%","9,27%","13,95",2017-02-18,"ENBR3"
"ENEV3","36,64%","0,00%","0,35","22,46%","13,10","296.843,00","5,09","-15,17%","-2,52","0,611","22,47","9,48","-14,03","0,84","2,129","3.397.570.000,00","-5,99%","6,59%","11,95",2017-02-18,"ENEV3"
"ENGI11","53,99%","0,00%","2,17","7,99%","13,14","13.959.900,00","1,38","2,73%","-0,93","0,387","4,09","8,01","27,51","2,12","0,640","3.675.270.000,00","7,70%","6,08%","22,50",2017-02-18,"ENGI11"
"ENGI3","53,99%","1,29%","2,17","7,99%","13,71","3.489,57","1,38","2,73%","-1,00","0,414","4,38","8,58","29,47","2,27","0,686","3.675.270.000,00","7,70%","6,08%","4,82",2017-02-18,"ENGI3"
"ENGI4","53,99%","1,44%","2,17","7,99%","12,78","10.913,40","1,38","2,73%","-0,89","0,370","3,91","7,66","26,29","2,02","0,612","3.675.270.000,00","7,70%","6,08%","4,30",2017-02-18,"ENGI4"
"ENMT3","11,53%","0,01%","1,21","8,31%","15,90","545,24","1,13","3,31%","-1,30","0,590","20,06","10,68","26,81","2,06","0,887","1.445.030.000,00","7,70%","6,39%","14,00",2017-02-18,"ENMT3"
"ENMT4","11,53%","0,01%","1,21","8,31%","11,56","336,69","1,13","3,31%","-0,77","0,350","11,91","6,34","15,91","1,22","0,527","1.445.030.000,00","7,70%","6,39%","8,31",2017-02-18,"ENMT4"
"EQTL3","32,05%","1,60%","0,89","12,89%","13,73","55.600.300,00","1,71","10,64%","-3,60","0,896","5,75","12,14","16,92","2,88","1,565","3.995.610.000,00","17,04%","9,51%","58,00",2017-02-18,"EQTL3"
"ESTC3","25,49%","11,49%","0,29","11,65%","13,81","33.002.300,00","2,42","9,95%","20,08","1,114","4,79","13,16","15,42","1,69","1,534","2.819.810.000,00","10,97%","9,94%","15,00",2017-02-18,"ESTC3"
"ESTR4","8,70%","0,00%","-0,18","-12,99%","-3,93","129.605,00","0,26","-46,56%","-0,03","0,054","-0,03","-0,61","-0,17","-0,03","0,079","-375.244.000,00","19,07%","-9,44%","0,75",2017-02-18,"ESTR4"
"ETER3","0,54%","0,00%","0,26","9,05%","4,94","986.048,00","2,16","-2,31%","-21,58","0,314","1,39","3,45","-13,48","0,56","0,312","492.167.000,00","-4,13%","9,56%","1,53",2017-02-18,"ETER3"
"EUCA4","4,77%","0,26%","0,28","6,67%","7,79","83.292,00","0,90","2,01%","-0,81","0,141","-5,08","3,72","12,32","0,24","0,248","1.196.170.000,00","1,94%","4,09%","3,08",2017-02-18,"EUCA4"
"EVEN3","-1,99%","3,40%","0,88","3,74%","33,41","4.946.590,00","3,31","2,85%","0,97","0,228","0,44","15,04","64,86","0,53","0,563","2.153.010.000,00","0,81%","1,72%","5,03",2017-02-18,"EVEN3"
"EZTC3","-6,23%","5,17%","0,11","23,45%","19,44","11.312.200,00","5,75","41,22%","2,03","0,934","1,80","20,89","11,91","1,12","4,898","2.813.470.000,00","9,43%","5,37%","19,15",2017-02-18,"EZTC3"
"FBMC4","-16,22%","0,00%","-1,73","-37,82%","-1,27","396,74","1,09","-43,23%","-0,07","0,057","1,63","-0,17","-0,15","-0,26","0,064","-13.449.000,00","179,72%","-37,00%","4,90",2017-02-18,"FBMC4"
"FESA3","11,04%","7,39%","0,02","6,27%","10,04","13.384,40","6,36","1,59%","2,03","0,552","1,65","12,99","52,90","0,63","0,814","1.368.400.000,00","1,20%","5,10%","9,80",2017-02-18,"FESA3"
"FESA4","11,04%","9,02%","0,02","6,27%","8,75","1.294.670,00","6,36","1,59%","1,83","0,497","1,49","11,70","47,66","0,57","0,733","1.368.400.000,00","1,20%","5,10%","8,83",2017-02-18,"FESA4"
"FHER3","2,85%","0,00%","5,14","2,41%","9,66","421.133,00","0,59","0,80%","-0,14","0,056","-0,16","1,25","3,75","0,71","0,030","236.760.000,00","18,81%","6,42%","3,10",2017-02-18,"FHER3"
"FIBR3","13,46%","1,94%","1,17","18,19%","15,39","48.497.100,00","1,87","17,30%","-1,18","0,449","4,43","8,84","9,34","1,12","1,608","13.751.100.000,00","12,03%","6,27%","27,91",2017-02-18,"FIBR3"
"FJTA3","3,94%","0,00%","-3,71","-4,84%","-13,70","8.762,79","0,58","-5,70%","-0,21","0,120","-0,28","-2,65","2,12","-0,84","0,128","-133.234.000,00","-39,48%","-5,59%","1,72",2017-02-18,"FJTA3"
"FJTA4","3,94%","0,00%","-3,71","-4,84%","-13,90","165.393,00","0,58","-5,70%","-0,23","0,129","-0,30","-2,85","2,28","-0,90","0,138","-133.234.000,00","-39,48%","-5,59%","1,85",2017-02-18,"FJTA4"
"FLRY3","8,28%","5,89%","0,56","17,15%","18,96","25.669.200,00","3,13","8,78%","-25,71","1,932","7,11","18,53","36,17","3,67","3,177","1.769.120.000,00","10,16%","14,44%","41,37",2017-02-18,"FLRY3"
"FRAS3","7,99%","2,07%","0,35","13,22%","6,48","489.957,00","3,26","7,17%","2,76","0,812","1,79","8,66","16,04","1,27","1,145","770.868.000,00","7,92%","17,82%","4,50",2017-02-18,"FRAS3"
"FRIO3","10,60%","0,00%","6,12","2,32%","19,98","77.347,60","1,39","3,46%","-0,60","0,140","0,79","6,18","8,67","1,37","0,143","107.789.000,00","15,83%","4,17%","2,40",2017-02-18,"FRIO3"
"FRTA3","-1,99%","0,00%","-19,92","-15,28%","-15,61","1.075,69","0,45","-51,78%","-0,69","0,457","-1,01","-6,64","-1,96","-14,73","1,014","-3.163.000,00","752,01%","-7,23%","3,90",2017-02-18,"FRTA3"
"GEPA3","4,29%","12,11%","0,73","49,73%","5,70","660,71","0,99","23,68%","-2,31","0,703","-278,75","4,65","9,77","1,49","2,313","2.063.170.000,00","15,23%","20,25%","32,50",2017-02-18,"GEPA3"
"GEPA4","4,29%","10,89%","0,73","49,73%","5,91","78.376,50","0,99","23,68%","-2,42","0,736","-291,62","4,87","10,22","1,56","2,420","2.063.170.000,00","15,23%","20,25%","34,00",2017-02-18,"GEPA4"
"GFSA3","-10,40%","1,86%","0,70","2,18%","56,12","20.233.100,00","2,11","-8,18%","1,37","0,154","0,45","22,66","-5,97","0,33","0,493","2.926.450.000,00","-5,59%","0,76%","2,58",2017-02-18,"GFSA3"
"GGBR3","2,08%","0,53%","0,76","3,47%","23,37","1.914.410,00","2,89","-7,55%","-1,24","0,275","1,38","11,80","-5,41","0,59","0,409","27.582.300.000,00","-10,82%","2,69%","9,39",2017-02-18,"GGBR3"
"GGBR4","2,08%","0,37%","0,76","3,47%","28,35","122.947.000,00","2,89","-7,55%","-1,76","0,391","1,97","16,78","-7,70","0,83","0,582","27.582.300.000,00","-10,82%","2,69%","13,36",2017-02-18,"GGBR4"
"GOAU3","2,08%","0,00%","2,25","3,46%","15,92","695.422,00","2,85","-8,25%","-0,31","0,076","0,39","3,29","-2,96","0,45","0,114","10.041.900.000,00","-15,15%","2,68%","4,66",2017-02-18,"GOAU3"
"GOAU4","2,08%","0,00%","2,25","3,46%","16,75","88.469.900,00","2,85","-8,25%","-0,38","0,096","0,48","4,12","-3,70","0,56","0,142","10.041.900.000,00","-15,15%","2,68%","5,83",2017-02-18,"GOAU4"
"GOLL4","-0,29%","0,00%","-0,84","-0,28%","-2.080,71","16.774.000,00","0,38","-3,04%","-6,74","15,512","-284,38","-1.932,83","-180,41","-10,80","5,482","-3.784.740.000,00","5,98%","-0,83%","7,80",2017-02-18,"GOLL4"
"GPCP3","-8,86%","0,00%","-8,22","7,02%","10,94","28.643,00","0,72","-4,24%","-0,24","0,151","-0,89","3,55","-3,74","-3,91","0,249","-28.232.000,00","104,44%","4,64%","18,74",2017-02-18,"GPCP3"
"GPIV33","-36,45%","0,00%","0,12","78,62%","1,34","342.292,00","11,00","44,52%","-187,45","0,329","1,45","2,22","12,35","0,85","1,748","1.249.740.000,00","6,91%","18,05%","6,45",2017-02-18,"GPIV33"
"GRND3","4,49%","5,24%","0,04","20,20%","11,43","4.804.760,00","9,19","27,61%","3,01","1,942","2,93","14,14","10,28","2,16","2,856","2.772.930.000,00","20,98%","23,59%","19,89",2017-02-18,"GRND3"
"GSHP3","12,02%","0,00%","1,26","62,61%","8,94","57.200,10","0,62","81,54%","-0,18","0,114","-3,20","2,18","1,68","0,38","1,367","964.381.000,00","22,57%","5,40%","4,80",2017-02-18,"GSHP3"
"GUAR3","15,00%","2,66%","0,47","4,78%","20,17","995.095,00","1,57","3,84%","11,86","0,659","3,11","16,80","20,91","1,39","0,802","3.364.050.000,00","6,65%","4,64%","75,00",2017-02-18,"GUAR3"
"GUAR4","15,00%","3,51%","0,47","4,78%","17,40","243.002,00","1,57","3,84%","9,90","0,550","2,60","14,02","17,46","1,16","0,670","3.364.050.000,00","6,65%","4,64%","62,61",2017-02-18,"GUAR4"
"HAGA3","-3,02%","0,00%","-0,64","7,57%","28,71","96,69","1,80","11,72%","-0,45","0,734","2,05","19,98","12,90","-0,51","1,513","-82.293.500,00","-3,92%","9,77%","3,50",2017-02-18,"HAGA3"
"HAGA4","-3,02%","0,00%","-0,64","7,57%","26,31","23.121,10","1,80","11,72%","-0,39","0,646","1,81","17,59","11,35","-0,45","1,331","-82.293.500,00","-3,92%","9,77%","3,08",2017-02-18,"HAGA4"
"HBOR3","-6,99%","1,56%","1,66","3,20%","92,38","5.922.740,00","2,57","-4,07%","1,78","0,198","0,42","32,36","-135,97","0,79","1,034","1.363.290.000,00","-0,58%","0,65%","3,29",2017-02-18,"HBOR3"
"HETA4","26,71%","0,00%","-0,91","42,75%","345,76","1.536,31","0,12","-192,87%","-0,01","0,290","-0,37","2,70","-0,60","-0,01","1,154","-335.137.000,00","1,20%","10,89%","4,70",2017-02-18,"HETA4"
"HGTX3","1,14%","6,48%","0,00","13,21%","11,16","6.107.430,00","3,76","14,93%","3,53","1,655","3,37","12,48","11,04","2,07","1,648","1.236.520.000,00","18,73%","18,46%","15,85",2017-02-18,"HGTX3"
"HOOT4","-1,80%","0,00%","-0,13","9,06%","4,91","32.109,20","0,33","-15,61%","-0,09","0,097","-0,40","4,12","-2,39","-0,67","0,373","-83.027.000,00","28,25%","2,41%","3,05",2017-02-18,"HOOT4"
"HYPE3","-12,29%","3,79%","0,15","56,86%","19,86","71.205.900,00","4,09","101,86%","5,64","1,474","3,64","19,70","10,99","2,03","11,199","9.033.280.000,00","18,49%","8,36%","29,04",2017-02-18,"HYPE3"
"IDNT3","-37,75%","0,00%","-1,58","-43,52%","-0,85","80.736,50","2,71","-38,19%","-0,61","0,359","1,04","-0,93","-1,17","-3,26","0,405","-24.264.000,00","278,41%","-52,26%","4,84",2017-02-18,"IDNT3"
"IDVL3","-14,43%","0,00%","0,00","0,00%","0,00","739,52","0,00","0,00%","0,00","0,000","0,00","0,00","-2,37","0,40","0,000","522.729.000,00","-16,99%","0,00%","1,38",2017-02-18,"IDVL3"
"IDVL4","-14,43%","0,00%","0,00","0,00%","0,00","9.641,90","0,00","0,00%","0,00","0,000","0,00","0,00","-2,41","0,41","0,000","522.729.000,00","-16,99%","0,00%","1,40",2017-02-18,"IDVL4"
"IGBR3","-7,72%","0,00%","-1,10","-9,45%","-979,67","37.113,80","0,05","-903,95%","-0,01","0,042","-0,27","-11,44","-0,12","-0,01","1,081","-713.670.000,00","10,85%","-0,38%","0,74",2017-02-18,"IGBR3"
"IGTA3","16,03%","1,07%","0,82","56,01%","20,06","23.333.600,00","1,81","23,86%","-3,19","1,077","17,68","15,22","36,29","2,05","8,525","2.726.260.000,00","5,65%","7,79%","31,68",2017-02-18,"IGTA3"
"INEP3","-30,05%","0,00%","-1,65","-167,39%","-3,06","3.244,52","0,28","-149,97%","-0,01","0,010","-0,01","-0,05","-0,05","-0,03","0,081","-1.052.100.000,00","50,24%","-22,96%","4,40",2017-02-18,"INEP3"
"INEP4","-30,05%","0,00%","-1,65","-167,39%","-3,05","48.076,90","0,28","-149,97%","-0,01","0,009","-0,01","-0,04","-0,05","-0,02","0,072","-1.052.100.000,00","50,24%","-22,96%","3,90",2017-02-18,"INEP4"
"ITEC3","-75,59%","0,00%","0,61","-267,25%","-12,03","161,31","1,56","-187,57%","-14,73","1,641","9,60","-10,64","-15,16","3,97","28,435","56.349.000,00","-26,22%","-16,06%","20,00",2017-02-18,"ITEC3"
"ITSA3","-4,44%","5,98%","0,08","2,35%","662,31","531.784,00","1,71","175,29%","-43,78","1,218","25,84","653,51","8,75","1,51","15,337","47.729.000.000,00","17,20%","0,20%","9,71",2017-02-18,"ITSA3"
"ITSA4","-4,44%","5,79%","0,08","2,35%","683,85","124.212.000,00","1,71","175,29%","-45,22","1,258","26,69","675,05","9,04","1,56","15,843","47.729.000.000,00","17,20%","0,20%","10,03",2017-02-18,"ITSA4"
"ITUB3","15,66%","3,30%","0,00","0,00%","0,00","5.288.640,00","0,00","0,00%","0,00","0,000","0,00","0,00","12,53","1,99","0,000","118.566.000.000,00","15,90%","0,00%","35,88",2017-02-18,"ITUB3"
"ITUB4","15,66%","3,86%","0,00","0,00%","0,00","428.416.000,00","0,00","0,00%","0,00","0,000","0,00","0,00","14,55","2,31","0,000","118.566.000.000,00","15,90%","0,00%","41,68",2017-02-18,"ITUB4"
"JBDU3","0,00%","0,00%","0,00","0,00%","-84,70","4.879,33","0,00","0,00%","0,00","0,018","0,00","-13,75","-1,07","0,07","0,000","35.376.000,00","-6,38%","0,00%","2,17",2017-02-18,"JBDU3"
"JBDU4","0,00%","0,00%","0,00","0,00%","-84,39","21.360,50","0,00","0,00%","0,00","0,018","0,00","-13,43","-1,05","0,07","0,000","35.376.000,00","-6,38%","0,00%","2,12",2017-02-18,"JBDU4"
"JBSS3","26,62%","3,48%","2,33","3,59%","13,00","89.236.800,00","1,07","-0,14%","-0,79","0,331","15,13","5,27","-56,14","1,38","0,189","24.070.700.000,00","-2,46%","7,55%","12,20",2017-02-18,"JBSS3"
"JFEN3","-14,64%","0,00%","1,65","-46,31%","-11,63","50.104,00","1,74","-97,48%","111,72","0,273","0,86","-4,60","-2,29","1,05","2,131","726.120.000,00","-45,77%","-6,16%","2,41",2017-02-18,"JFEN3"
"JHSF3","-15,16%","0,00%","0,68","13,01%","49,80","2.561.230,00","1,76","9,87%","-1,04","0,221","1,45","22,15","30,81","0,52","2,880","2.461.860.000,00","1,68%","1,03%","2,42",2017-02-18,"JHSF3"
"JOPA3","7,89%","3,10%","1,58","8,95%","7,12","845,12","1,50","3,92%","5,38","0,138","0,66","2,14","5,66","0,48","0,191","465.635.000,00","8,42%","7,67%","21,00",2017-02-18,"JOPA3"
"JSLG3","15,41%","0,00%","8,66","10,28%","10,51","640.637,00","1,12","-0,39%","-0,38","0,209","5,47","2,79","-72,79","2,49","0,287","753.350.000,00","-3,43%","9,73%","9,28",2017-02-18,"JSLG3"
"KEPL3","8,35%","0,51%","0,24","-3,63%","-26,28","1.082.460,00","1,69","0,40%","16,49","0,697","4,13","-26,67","241,14","1,11","0,968","479.811.000,00","0,46%","-3,37%","20,19",2017-02-18,"KEPL3"
"KLBN11","13,62%","7,04%","2,60","18,96%","20,24","31.224.200,00","2,40","35,00%","-1,24","0,519","2,61","11,31","6,13","2,14","2,144","7.100.340.000,00","34,96%","6,05%","16,06",2017-02-18,"KLBN11"
"KLBN3","13,62%","8,34%","2,60","18,96%","26,36","94.931,00","2,40","35,00%","-1,91","0,799","4,03","17,43","9,44","3,30","3,304","7.100.340.000,00","34,96%","6,05%","4,95",2017-02-18,"KLBN3"
"KLBN4","13,62%","6,46%","2,60","18,96%","18,72","474.206,00","2,40","35,00%","-1,07","0,449","2,26","9,79","5,30","1,85","1,856","7.100.340.000,00","34,96%","6,05%","2,78",2017-02-18,"KLBN4"
"KROT3","44,59%","2,55%","0,05","22,50%","20,44","119.476.000,00","1,88","27,45%","-13,54","1,308","22,29","20,92","17,15","1,68","4,708","13.157.200.000,00","9,80%","6,79%","13,60",2017-02-18,"KROT3"
"LAME3","14,12%","0,73%","6,77","11,89%","13,14","7.957.970,00","1,54","-0,32%","-3,16","1,019","5,53","9,24","121,04","11,90","1,099","1.631.080.000,00","9,83%","17,08%","13,59",2017-02-18,"LAME3"
"LAME4","14,12%","0,37%","6,77","11,89%","14,92","43.058.900,00","1,54","-0,32%","-3,76","1,215","6,59","11,02","144,29","14,18","1,310","1.631.080.000,00","9,83%","17,08%","16,20",2017-02-18,"LAME4"
"LCAM3","16,78%","9,73%","0,00","0,00%","0,00","335.397,00","0,00","0,00%","0,00","0,000","0,00","0,00","0,00","0,00","0,000","0,00","0,00%","0,00%","6,62",2017-02-18,"LCAM3"
"LEVE3","0,98%","2,88%","0,35","16,02%","8,34","3.511.710,00","2,48","7,61%","-34,18","1,099","4,30","7,58","13,82","2,02","1,214","1.377.810.000,00","14,59%","16,70%","21,65",2017-02-18,"LEVE3"
"LFFE3","-73,35%","0,00%","0,00","0,00%","-18,43","37.666,70","0,00","0,00%","0,00","1,879","0,00","-22,81","-3,07","2,70","0,000","88.638.000,00","-88,05%","0,00%","4,40",2017-02-18,"LFFE3"
"LFFE4","-73,35%","0,00%","0,00","0,00%","-18,32","14.105,50","0,00","0,00%","0,00","1,870","0,00","-22,71","-3,05","2,69","0,000","88.638.000,00","-88,05%","0,00%","4,38",2017-02-18,"LFFE4"
"LIGT3","37,35%","0,24%","1,92","5,64%","18,38","21.552.700,00","0,71","-1,96%","-0,56","0,287","-2,80","7,70","-22,16","1,19","0,434","3.548.370.000,00","-5,36%","4,46%","20,65",2017-02-18,"LIGT3"
"LINX3","21,49%","0,82%","0,11","26,95%","18,14","7.761.700,00","6,79","13,82%","6,31","1,982","4,33","22,00","42,91","2,55","5,929","1.153.280.000,00","5,94%","16,09%","17,75",2017-02-18,"LINX3"
"LIPR3","0,00%","0,84%","0,00","0,00%","-88,52","3.709,29","0,00","0,00%","0,00","3,002","0,00","-96,34","19,31","3,39","0,000","194.438.000,00","17,55%","0,00%","56,00",2017-02-18,"LIPR3"
"LIXC3","-49,88%","0,00%","0,35","-1.140,03%","-4,69","2.206,71","1,38","-2.761,31%","1,31","0,074","0,28","-3,19","-1,29","0,73","36,361","29.680.000,00","-56,77%","-2,62%","1,81",2017-02-18,"LIXC3"
"LIXC4","-49,88%","0,00%","0,35","-1.140,03%","-4,95","17.391,10","1,38","-2.761,31%","1,42","0,080","0,30","-3,45","-1,40","0,79","39,374","29.680.000,00","-56,77%","-2,62%","1,96",2017-02-18,"LIXC4"
"LLIS3","49,98%","0,00%","0,55","18,18%","10,57","105.094,00","0,76","-5,06%","-2,11","0,460","-6,31","6,91","-65,53","0,83","1,257","1.697.430.000,00","-1,27%","7,72%","4,05",2017-02-18,"LLIS3"
"LOGN3","10,88%","0,00%","10,58","0,36%","376,89","1.079.550,00","0,99","-1,08%","-0,06","0,033","-5,78","20,77","-6,97","0,58","0,076","124.968.000,00","-8,38%","0,18%","3,98",2017-02-18,"LOGN3"
"LPSB3","-24,17%","0,00%","0,00","-20,34%","-19,67","535.678,00","1,59","-283,28%","-5,42","1,987","20,14","-20,59","-1,76","4,78","4,189","134.346.000,00","-272,07%","-10,84%","5,15",2017-02-18,"LPSB3"
"LREN3","14,65%","1,75%","0,71","28,02%","9,76","60.508.500,00","1,40","9,69%","67,44","2,573","14,27","9,22","0,00","6,32","2,583","2.636.800.000,00","0,00%","36,89%","25,89",2017-02-18,"LREN3"
"LUPA3","-28,31%","0,00%","-0,74","-52,74%","-4,19","947.150,00","0,17","-77,73%","-0,04","0,051","-0,04","-0,39","-0,26","-0,07","0,204","-438.248.000,00","28,35%","-17,55%","3,47",2017-02-18,"LUPA3"
"MAGG3","9,85%","0,00%","1,36","9,97%","8,82","2.841.950,00","1,71","0,03%","-0,65","0,211","1,39","3,68","-305,87","0,69","0,366","1.834.920.000,00","-0,23%","7,14%","24,17",2017-02-18,"MAGG3"
"MAPT4","0,00%","0,00%","0,00","0,00%","-8,79","23,74","0,00","0,00%","0,00","2,378","0,00","-8,79","-8,47","-0,36","0,000","-5.045.000,00","4,30%","0,00%","2,00",2017-02-18,"MAPT4"
"MDIA3","9,90%","1,14%","0,17","15,15%","19,65","16.918.300,00","2,78","13,09%","17,77","2,802","10,90","19,81","22,92","3,71","3,000","4.149.050.000,00","16,17%","17,06%","136,13",2017-02-18,"MDIA3"
"MEAL3","83,39%","0,00%","0,13","-1,70%","-41,22","1.912.250,00","1,64","-6,15%","-16,85","0,638","6,66","-44,48","-12,31","0,90","0,757","1.108.560.000,00","-7,30%","-1,76%","5,98",2017-02-18,"MEAL3"
"MEND5","54,13%","0,00%","1,26","-876,21%","143,65","897,88","0,01","7.349,04%","-0,01","0,006","-0,07","2,43","-0,29","0,02","-21,262","2.671.050.000,00","-7,48%","0,25%","5,61",2017-02-18,"MEND5"
"MEND6","54,13%","0,00%","1,26","-876,21%","143,19","93,83","0,01","7.349,04%","-0,01","0,005","-0,05","1,96","-0,23","0,02","-17,207","2.671.050.000,00","-7,48%","0,25%","4,54",2017-02-18,"MEND6"
"MERC4","31,73%","9,41%","0,00","0,00%","0,00","326,07","0,00","0,00%","0,00","0,000","0,00","0,00","-12,29","0,50","0,000","190.450.000,00","-4,04%","0,00%","5,25",2017-02-18,"MERC4"
"MGEL4","-5,46%","0,00%","-1,92","0,70%","166,35","22.066,70","1,41","4,21%","-0,04","0,053","0,47","6,56","3,07","-0,07","0,046","-275.082.000,00","-2,36%","0,96%","3,44",2017-02-18,"MGEL4"
"MGLU3","6,22%","0,00%","2,52","4,77%","9,76","9.267.280,00","1,02","-0,13%","-2,23","0,640","47,64","7,59","-279,89","4,78","0,362","696.308.000,00","-1,71%","15,28%","154,00",2017-02-18,"MGLU3"
"MILS3","-14,75%","0,00%","0,44","-17,73%","-10,67","2.623.620,00","2,42","-26,45%","-18,85","0,467","2,57","-9,04","-6,06","0,70","1,602","1.026.400.000,00","-11,58%","-6,58%","4,10",2017-02-18,"MILS3"
"MLFT4","-39,66%","0,00%","1,68","51,57%","8,54","604.300,00","1,93","6,76%","-0,59","0,200","2,74","3,17","-69,44","0,75","1,633","1.422.110.000,00","-1,09%","7,07%","11,40",2017-02-18,"MLFT4"
"MMXM3","-91,40%","0,00%","0,00","-20.512,30%","-2,19","338.473,00","0,00","22.254,80%","0,00","0,166","0,00","-0,46","0,42","-0,04","93,342","-917.901.000,00","-8,93%","0,00%","5,28",2017-02-18,"MMXM3"
"MNDL3","3,87%","0,00%","-2,45","2,67%","13,43","10.352,40","0,43","-7,93%","-0,04","0,031","-0,10","2,65","-0,89","-0,55","0,071","-54.038.000,00","62,10%","1,23%","12,03",2017-02-18,"MNDL3"
"MNPR3","-7,85%","0,00%","-0,01","12,46%","1,13","13.607,70","0,09","-6,78%","-0,06","0,126","-0,08","1,05","-1,94","-0,10","0,131","-264.058.000,00","5,25%","12,40%","3,79",2017-02-18,"MNPR3"
"MOAR3","55,23%","5,48%","0,02","-1.196,29%","-31,63","1.440,50","2,99","4.412,84%","14,40","1,258","7,66","-38,04","10,37","1,50","455,046","1.268.890.000,00","14,43%","-4,29%","155,00",2017-02-18,"MOAR3"
"MPLU3","5,87%","6,45%","0,00","25,86%","11,11","10.914.900,00","1,10","23,00%","37,33","3,195","37,08","13,98","15,72","22,93","3,615","266.796.000,00","145,89%","87,81%","37,70",2017-02-18,"MPLU3"
"MRFG3","-5,72%","0,00%","8,66","7,10%","8,43","17.501.300,00","1,26","-3,13%","-0,48","0,215","2,14","3,68","-7,57","3,40","0,261","1.342.850.000,00","-44,94%","9,12%","7,35",2017-02-18,"MRFG3"
"MRVE3","1,64%","2,56%","0,41","14,30%","10,49","38.903.000,00","2,20","13,32%","14,38","0,520","1,66","9,78","11,06","1,19","1,399","5.172.940.000,00","10,74%","6,37%","13,83",2017-02-18,"MRVE3"
"MSPA4","50,41%","4,16%","0,03","67,60%","0,59","75,02","2,30","57,67%","-0,53","0,121","1,25","0,58","0,68","0,20","0,391","997.179.000,00","29,89%","21,66%","31,51",2017-02-18,"MSPA4"
"MTIG4","30,96%","0,00%","-85,86","-2,88%","-6,76","1.619,86","0,67","-6,98%","-0,15","0,098","-0,52","-1,94","-0,80","-33,40","0,056","-230.992,00","4.164,35%","-6,58%","32,01",2017-02-18,"MTIG4"
"MTSA4","-0,51%","4,40%","0,36","1,82%","18,81","67.498,70","2,23","6,12%","0,91","0,346","0,85","28,49","8,47","0,54","0,518","212.697.000,00","6,34%","1,94%","12,49",2017-02-18,"MTSA4"
"MULT3","5,17%","0,75%","0,58","60,66%","21,95","50.360.600,00","2,28","33,21%","-6,33","1,713","21,31","19,17","48,01","2,93","11,628","4.362.510.000,00","6,09%","9,95%","67,18",2017-02-18,"MULT3"
"MWET4","-11,14%","0,00%","-0,51","-15,30%","-3,84","2.974,29","0,30","-49,74%","-0,02","0,024","-0,05","-0,24","-0,07","-0,03","0,036","-143.673.000,00","43,15%","-12,14%","2,21",2017-02-18,"MWET4"
"MYPK3","7,78%","1,47%","1,70","5,81%","10,35","7.647.740,00","0,98","0,99%","-0,54","0,203","-27,78","3,51","-119,10","0,78","0,204","1.825.310.000,00","-0,65%","6,81%","15,00",2017-02-18,"MYPK3"
"NAFG4","5,47%","2,49%","0,62","4,70%","13,49","644,29","1,10","0,94%","-3,44","0,304","7,54","7,27","40,02","0,64","0,342","285.408.000,00","1,61%","4,60%","13,50",2017-02-18,"NAFG4"
"NATU3","6,81%","1,58%","4,47","13,21%","13,30","23.573.200,00","1,04","3,20%","-4,59","1,474","75,04","11,15","48,76","12,86","1,474","910.994.000,00","26,38%","19,34%","27,17",2017-02-18,"NATU3"
"NUTR3","-8,24%","0,00%","11,00","-6,12%","-7,05","985,74","0,64","-24,29%","-0,04","0,025","-0,13","-1,12","-0,28","1,84","0,068","1.134.000,00","-655,38%","-3,41%","16,32",2017-02-18,"NUTR3"
"ODPV3","9,37%","1,88%","0,00","26,54%","16,26","10.439.000,00","1,78","16,20%","-67,85","4,689","25,26","17,39","28,53","9,29","4,615","666.230.000,00","32,56%","39,41%","11,65",2017-02-18,"ODPV3"
"OFSA3","3,64%","0,87%","0,72","10,21%","30,18","204.623,00","2,39","5,87%","60,90","1,790","5,81","26,05","45,15","3,58","2,659","388.033.000,00","7,94%","7,92%","25,78",2017-02-18,"OFSA3"
"OGSA3","-69,71%","0,00%","-2,86","-113,09%","-5,53","393.112,00","0,04","-197,36%","-0,08","0,095","-0,10","-0,80","-0,46","-0,46","0,909","-470.358.000,00","100,24%","-12,51%","1,63",2017-02-18,"OGSA3"
"OGXP3","113,67%","0,00%","0,00","0,00%","0,00","264.122,00","0,00","0,00%","0,00","0,000","0,00","0,00","0,00","0,00","0,000","0,00","0,00%","0,00%","4,11",2017-02-18,"OGXP3"
"OIBR3","4,19%","0,00%","5,07","8,27%","20,31","6.522.560,00","0,46","-29,82%","-0,08","0,039","-0,10","1,45","-0,43","0,33","0,120","9.506.930.000,00","-77,68%","3,30%","3,82",2017-02-18,"OIBR3"
"OIBR4","4,19%","0,00%","5,07","8,27%","20,11","17.153.900,00","0,46","-29,82%","-0,06","0,034","-0,08","1,24","-0,37","0,28","0,103","9.506.930.000,00","-77,68%","3,30%","3,28",2017-02-18,"OIBR4"
"OSXB3","-27,14%","0,00%","0,00","-67,11%","-1,23","22.932,00","0,00","-2.362,63%","0,00","0,078","0,00","-1,24","-0,04","-0,01","0,831","-3.329.360.000,00","36,03%","0,00%","13,40",2017-02-18,"OSXB3"
"PARC3","0,00%","5,98%","0,01","51,82%","11,27","6.275.110,00","2,01","37,46%","38,13","11,582","33,39","11,81","16,73","20,04","6,119","116.924.000,00","119,75%","275,03%","14,65",2017-02-18,"PARC3"
"PATI3","17,64%","1,04%","0,79","3,69%","8,86","313,60","2,33","2,16%","1,61","0,247","0,62","7,49","17,66","0,55","0,276","329.636.000,00","3,12%","5,97%","10,40",2017-02-18,"PATI3"
"PATI4","17,64%","6,60%","0,79","3,69%","13,25","196,41","2,33","2,16%","2,55","0,392","0,98","11,88","28,02","0,87","0,438","329.636.000,00","3,12%","5,97%","16,50",2017-02-18,"PATI4"
"PCAR3","9,28%","0,01%","0,94","3,93%","12,93","700,00","0,89","-2,07%","-3,11","0,698","-12,14","10,74","-68,22","2,92","0,422","10.019.000.000,00","-4,28%","9,07%","110,00",2017-02-18,"PCAR3"
"PCAR4","9,28%","0,03%","0,94","3,93%","7,95","43.225.000,00","0,89","-2,07%","-1,67","0,374","-6,50","5,75","-36,54","1,56","0,226","10.019.000.000,00","-4,28%","9,07%","58,91",2017-02-18,"PCAR4"
"PDGR3","-46,24%","0,00%","-3,33","-338,67%","-2,93","23.852.600,00","0,75","-1.612,55%","-0,04","0,022","-0,13","-0,16","-0,03","-0,17","0,530","-932.681.000,00","518,61%","-15,25%","3,29",2017-02-18,"PDGR3"
"PEAB3","10,90%","3,89%","0,00","8,12%","7,58","155,36","4,80","13,82%","2,26","0,664","1,69","16,00","9,46","0,83","1,299","481.054.000,00","8,81%","6,66%","31,20",2017-02-18,"PEAB3"
"PEAB4","10,90%","3,93%","0,00","8,12%","9,01","4.640,10","4,80","13,82%","2,46","0,724","1,84","17,44","10,31","0,91","1,416","481.054.000,00","8,81%","6,66%","34,00",2017-02-18,"PEAB4"
"PETR3","2,61%","0,00%","1,53","22,03%","8,33","119.167.000,00","1,75","-17,29%","-0,55","0,274","3,55","3,36","-4,05","0,85","0,740","259.535.000.000,00","-20,91%","9,18%","16,86",2017-02-18,"PETR3"
"PETR4","2,61%","0,00%","1,53","22,03%","8,13","490.665.000,00","1,75","-17,29%","-0,52","0,257","3,34","3,16","-3,81","0,80","0,695","259.535.000.000,00","-20,91%","9,18%","15,84",2017-02-18,"PETR4"
"PFRM3","-0,57%","0,00%","0,69","3,26%","7,98","689.077,00","1,65","-0,46%","5,71","0,272","1,00","4,88","-34,87","0,77","0,159","797.602.000,00","-2,21%","8,08%","9,47",2017-02-18,"PFRM3"
"PINE4","-47,14%","5,33%","0,00","0,00%","0,00","122.495,00","0,00","0,00%","0,00","0,000","0,00","0,00","96,55","0,44","0,000","1.151.980.000,00","0,46%","0,00%","4,18",2017-02-18,"PINE4"
"PLAS3","-20,76%","0,00%","-2,66","-31,18%","-3,04","10.031,80","0,15","-82,38%","-0,03","0,035","-0,04","-0,18","-0,07","-0,17","0,057","-123.191.000,00","245,61%","-20,55%","4,21",2017-02-18,"PLAS3"
"PMAM3","7,18%","6,06%","4,81","5,63%","5,80","3.466.490,00","0,82","2,11%","-0,28","0,107","-0,95","1,32","3,52","1,11","0,074","360.610.000,00","31,40%","9,57%","1,25",2017-02-18,"PMAM3"
"PNVL3","8,88%","0,80%","0,26","-1,62%","-89,97","673.311,00","1,69","2,51%","20,26","3,910","13,63","-87,35","56,32","7,96","1,413","372.042.000,00","14,13%","-5,92%","649,25",2017-02-18,"PNVL3"
"PNVL4","8,88%","2,21%","0,26","-1,62%","-34,74","53.097,10","1,69","2,51%","7,45","1,438","5,01","-32,12","20,71","2,93","0,519","372.042.000,00","14,13%","-5,92%","238,75",2017-02-18,"PNVL4"
"POMO3","-9,75%","5,27%","1,25","2,94%","41,33","526.479,00","1,89","9,45%","38,01","0,436","1,46","30,17","9,49","1,18","0,888","1.912.430.000,00","12,43%","2,22%","2,44",2017-02-18,"POMO3"
"POMO4","-9,75%","4,18%","1,25","2,94%","49,24","7.110.780,00","1,89","9,45%","47,98","0,551","1,84","38,08","11,98","1,49","1,120","1.912.430.000,00","12,43%","2,22%","3,08",2017-02-18,"POMO4"
"POSI3","-5,01%","0,00%","1,10","2,07%","13,41","1.411.840,00","1,33","-2,45%","1,98","0,193","1,00","8,99","-7,61","0,61","0,186","565.593.000,00","-8,01%","3,86%","3,93",2017-02-18,"POSI3"
"PRBC4","8,01%","32,33%","0,00","0,00%","0,00","40.656,40","0,00","0,00%","0,00","0,000","0,00","0,00","7,99","0,70","0,000","1.439.990.000,00","8,77%","0,00%","12,24",2017-02-18,"PRBC4"
"PRIO3","227,86%","0,00%","0,04","-28,65%","0,23","1.057.310,00","13,44","43,96%","0,87","0,437","0,65","-5,39","3,51","0,56","1,544","847.552.000,00","15,95%","-16,76%","36,00",2017-02-18,"PRIO3"
"PRML3","68,30%","0,00%","1,23","451,90%","-21,73","1.314.480,00","2,96","271,60%","-0,90","0,386","4,61","-10,57","-16,81","0,93","-47,765","3.324.790.000,00","-5,53%","-4,10%","8,22",2017-02-18,"PRML3"
"PSSA3","4,38%","4,74%","0,00","78,97%","-0,06","12.431.600,00","1,34","5,65%","11,63","0,358","1,88","0,71","9,90","1,30","0,562","6.999.070.000,00","13,08%","82,07%","28,04",2017-02-18,"PSSA3"
"PTBL3","12,32%","1,66%","2,65","8,50%","10,49","1.213.830,00","1,50","0,90%","-0,94","0,329","2,12","5,01","47,61","1,82","0,426","241.304.000,00","3,82%","8,34%","2,77",2017-02-18,"PTBL3"
"PTNT3","52,09%","2,19%","0,84","4,87%","16,04","880,31","1,35","4,08%","-6,93","0,680","5,75","12,27","32,70","1,83","0,597","149.667.000,00","5,60%","6,84%","5,70",2017-02-18,"PTNT3"
"PTNT4","52,09%","5,16%","0,84","4,87%","8,98","183.915,00","1,35","4,08%","-2,94","0,289","2,44","5,21","13,88","0,78","0,254","149.667.000,00","5,60%","6,84%","2,42",2017-02-18,"PTNT4"
"QGEP3","3,55%","2,39%","0,13","39,42%","4,90","3.066.950,00","8,00","-11,40%","2,65","0,490","1,46","8,37","-28,93","0,61","3,298","2.726.990.000,00","-2,12%","8,75%","6,28",2017-02-18,"QGEP3"
"QUAL3","22,31%","8,36%","0,24","29,73%","9,85","28.406.500,00","0,87","21,09%","-11,93","1,523","-37,23","9,85","14,43","2,51","2,927","2.229.250.000,00","17,42%","19,42%","20,10",2017-02-18,"QUAL3"
"RADL3","20,46%","0,90%","0,13","6,36%","32,34","59.419.300,00","1,57","4,11%","32,32","4,098","19,04","32,19","49,72","7,75","2,046","2.812.470.000,00","15,59%","18,11%","65,99",2017-02-18,"RADL3"
"RANI3","13,36%","0,00%","2,06","8,50%","18,00","2.985,33","1,17","-2,90%","-0,60","0,275","6,95","7,07","-20,68","1,03","0,601","452.270.000,00","-4,99%","4,64%","2,80",2017-02-18,"RANI3"
"RANI4","13,36%","0,00%","2,06","8,50%","18,00","232,74","1,17","-2,90%","-0,60","0,275","6,95","7,07","-20,68","1,03","0,601","452.270.000,00","-4,99%","4,64%","2,80",2017-02-18,"RANI4"
"RAPT3","-6,93%","0,00%","1,55","2,35%","26,54","11.783,60","2,58","0,39%","16,05","0,234","0,63","16,90","-28,12","0,76","0,397","1.466.030.000,00","-2,71%","2,23%","3,23",2017-02-18,"RAPT3"
"RAPT4","-6,93%","0,00%","1,55","2,35%","34,70","7.317.880,00","2,58","0,39%","23,79","0,347","0,93","25,06","-41,70","1,13","0,588","1.466.030.000,00","-2,71%","2,23%","4,79",2017-02-18,"RAPT4"
"RCSL4","-51,38%","0,00%","-0,16","-144,26%","-70,69","309.533,00","0,01","-2.889,53%","-0,32","1,255","-0,58","-51,76","-2,59","-0,43","74,673","-103.982.000,00","16,44%","-2,90%","1,16",2017-02-18,"RCSL4"
"RDNI3","-25,16%","0,00%","0,00","5,88%","33,43","51.399,60","0,00","7,04%","0,00","0,283","0,00","23,48","19,61","0,40","1,380","767.557.000,00","2,04%","0,00%","7,00",2017-02-18,"RDNI3"
"REDE3","3,78%","1,96%","1,63","6,81%","14,65","3.485,43","1,18","2,90%","-0,80","0,381","9,33","9,33","27,32","2,06","0,635","2.472.880.000,00","7,55%","4,75%","2,48",2017-02-18,"REDE3"
"REDE4","3,78%","2,18%","1,63","6,81%","14,54","2.940,52","1,18","2,90%","-0,80","0,376","9,22","9,21","26,99","2,04","0,627","2.472.880.000,00","7,55%","4,75%","2,45",2017-02-18,"REDE4"
"RENT3","8,21%","2,24%","1,72","17,25%","14,00","48.726.900,00","1,22","9,22%","-2,90","1,163","21,51","11,26","21,08","3,93","1,943","2.196.990.000,00","18,63%","15,91%","40,73",2017-02-18,"RENT3"
"RLOG3","72,87%","4.327,62%","4,85","23,79%","8,38","1.774.300,00","0,78","-8,34%","-0,17","0,107","-3,55","1,97","-17,51","1,48","0,469","1.661.350.000,00","-8,48%","5,54%","6,73",2017-02-18,"RLOG3"
"RNEW11","72,24%","0,00%","1,19","2,24%","234,26","280.623,00","0,09","-80,33%","-0,21","0,123","-0,50","49,66","-1,65","0,31","1,111","2.330.190.000,00","-19,01%","0,27%","6,09",2017-02-18,"RNEW11"
"ROMI3","-1,95%","0,72%","0,55","-7,70%","-9,40","290.538,00","2,14","-6,72%","1,55","0,200","0,65","-4,80","-5,46","0,36","0,369","599.962.000,00","-6,62%","-4,87%","3,45",2017-02-18,"ROMI3"
"RPAD3","-75,78%","12,03%","0,00","0,00%","0,00","1.107,83","0,00","0,00%","0,00","0,000","0,00","0,00","0,00","0,00","0,000","0,00","0,00%","0,00%","2,50",2017-02-18,"RPAD3"
"RPAD5","-75,78%","3,15%","0,00","0,00%","0,00","5.889,67","0,00","0,00%","0,00","0,000","0,00","0,00","0,00","0,00","0,000","0,00","0,00%","0,00%","4,70",2017-02-18,"RPAD5"
"RPAD6","-75,78%","5,45%","0,00","0,00%","0,00","702,79","0,00","0,00%","0,00","0,000","0,00","0,00","0,00","0,00","0,000","0,00","0,00%","0,00%","2,72",2017-02-18,"RPAD6"
"RPMG3","-34,28%","0,00%","-0,03","-46,76%","-1,84","232.169,00","0,20","-65,04%","-0,31","1,392","-0,64","-1,71","-1,23","-0,34","0,800","-1.790.640.000,00","27,67%","-84,19%","9,00",2017-02-18,"RPMG3"
"RSID3","-31,84%","0,00%","2,53","-35,33%","-9,93","7.844.860,00","0,81","-104,57%","-0,08","0,032","-0,33","-0,77","-0,26","0,20","0,270","801.434.000,00","-75,85%","-4,35%","9,37",2017-02-18,"RSID3"
"RUMO3","0,00%","0,00%","1,38","23,92%","14,58","61.872.000,00","0,78","-8,36%","-0,80","0,506","-16,82","9,31","-24,40","2,00","2,227","5.842.490.000,00","-8,21%","5,94%","8,74",2017-02-18,"RUMO3"
"SANB11","-5,74%","3,89%","0,00","0,00%","0,00","33.606.200,00","0,00","0,00%","0,00","0,000","0,00","0,00","24,45","2,34","0,000","57.754.600.000,00","9,56%","0,00%","35,70",2017-02-18,"SANB11"
"SANB3","-5,74%","2,97%","0,00","0,00%","0,00","159.645,00","0,00","0,00%","0,00","0,000","0,00","0,00","30,48","2,91","0,000","57.754.600.000,00","9,56%","0,00%","22,25",2017-02-18,"SANB3"
"SANB4","-5,74%","5,58%","0,00","0,00%","0,00","229.754,00","0,00","0,00%","0,00","0,000","0,00","0,00","17,87","1,71","0,000","57.754.600.000,00","9,56%","0,00%","13,05",2017-02-18,"SANB4"
"SAPR4","12,89%","3,98%","0,56","33,45%","8,26","53.222.200,00","1,35","18,03%","-2,26","0,797","22,15","6,47","12,01","1,57","2,166","4.808.670.000,00","13,04%","13,40%","14,95",2017-02-18,"SAPR4"
"SBSP3","2,60%","0,64%","0,00","0,00%","0,00","42.429.600,00","0,00","0,00%","0,00","0,666","0,00","0,00","0,00","1,51","0,000","15.524.300.000,00","0,00%","0,00%","34,38",2017-02-18,"SBSP3"
"SCAR3","-4,20%","0,65%","1,26","66,15%","10,66","993.685,00","2,14","17,69%","-1,31","0,582","8,91","6,01","22,63","1,34","3,976","1.333.950.000,00","5,93%","10,70%","31,02",2017-02-18,"SCAR3"
"SCLO4","38,53%","0,00%","-0,51","-255,63%","-38,79","443,26","0,01","-1.996,54%","-0,00","0,005","-0,00","-0,21","-0,04","-0,00","0,546","-175.068.000,00","7,97%","-2,46%","0,51",2017-02-18,"SCLO4"
"SEDU3","14,13%","0,00%","2,04","2,83%","89,82","427.695,00","1,79","-51,64%","-2,05","0,659","3,46","57,70","-3,17","2,71","1,634","818.553.000,00","-85,50%","1,45%","8,50",2017-02-18,"SEDU3"
"SEER3","9,77%","1,01%","0,38","24,54%","8,60","5.631.260,00","2,12","18,75%","-6,56","1,136","6,05","8,63","11,30","2,41","2,119","952.479.000,00","21,35%","16,38%","18,35",2017-02-18,"SEER3"
"SGAS3","-16,38%","1,52%","0,00","-8,07%","-4,45","972,55","4,87","-3,45%","2,09","0,378","1,49","-5,50","-15,84","0,44","0,444","426.713.000,00","-2,77%","-7,55%","5,15",2017-02-18,"SGAS3"
"SGAS4","-16,38%","3,30%","0,00","-8,07%","-1,74","46.934,60","4,87","-3,45%","1,06","0,192","0,75","-2,79","-8,03","0,22","0,225","426.713.000,00","-2,77%","-7,55%","2,61",2017-02-18,"SGAS4"
"SGPS3","8,13%","0,00%","0,02","8,70%","2,91","1.941.350,00","0,06","-1,14%","-5,42","0,382","-19,85","2,77","-21,19","0,41","0,241","1.001.580.000,00","-1,95%","13,80%","8,29",2017-02-18,"SGPS3"
"SHOW3","-0,06%","0,43%","0,15","6,52%","8,42","376.639,00","1,06","3,28%","-6,45","0,930","62,14","8,95","17,78","1,63","0,583","281.061.000,00","9,19%","12,73%","6,80",2017-02-18,"SHOW3"
"SHUL4","-2,66%","2,40%","0,76","7,74%","9,35","402.272,00","2,80","5,84%","3,58","0,359","0,89","7,61","10,08","0,76","0,589","457.008.000,00","7,55%","6,80%","5,45",2017-02-18,"SHUL4"
"SJOS4","0,00%","0,00%","0,00","0,00%","-15,98","1.641,90","0,00","0,00%","0,00","0,296","0,00","-0,97","-0,16","-0,01","0,000","-167.101.000,00","6,20%","0,00%","0,12",2017-02-18,"SJOS4"
"SLCE3","10,92%","3,45%","0,77","-0,16%","-1.112,67","2.657.060,00","1,35","-3,91%","-2,99","0,346","3,53","-654,91","-36,08","0,74","1,065","2.326.010.000,00","-2,05%","-0,06%","17,37",2017-02-18,"SLCE3"
"SLED3","-3,14%","0,00%","0,74","-7,26%","-4,20","496,00","1,78","8,56%","1,02","0,151","0,47","-1,59","1,34","0,36","0,115","518.914.000,00","26,76%","-13,16%","6,99",2017-02-18,"SLED3"
"SLED4","-3,14%","0,00%","0,74","-7,26%","-3,72","1.195.180,00","1,78","8,56%","0,71","0,105","0,33","-1,10","0,93","0,25","0,080","518.914.000,00","26,76%","-13,16%","4,86",2017-02-18,"SLED4"
"SMLE3","40,38%","0,32%","0,00","39,08%","10,59","28.400.500,00","1,33","35,42%","57,18","3,617","19,82","11,52","12,71","10,97","4,502","635.347.000,00","86,30%","48,53%","56,38",2017-02-18,"SMLE3"
"SMTO3","13,07%","0,83%","1,14","16,37%","23,49","11.708.400,00","1,64","9,78%","-2,82","0,871","7,50","16,69","27,93","2,22","2,731","3.020.880.000,00","7,96%","5,91%","19,75",2017-02-18,"SMTO3"
"SNSL3","18,08%","1,46%","0,24","4,79%","34,32","160.829,00","2,32","12,53%","4,61","1,634","4,14","45,52","17,40","2,47","2,179","70.236.000,00","14,18%","8,34%","14,70",2017-02-18,"SNSL3"
"SNSY5","-3,06%","0,00%","-0,09","-18,44%","-1,06","2.350,55","1,26","-40,44%","-0,01","0,011","0,10","-0,07","-0,04","-0,01","0,013","-705.623.000,00","18,91%","-17,31%","24,50",2017-02-18,"SNSY5"
"SOND5","-1,56%","0,00%","0,00","-15,86%","-1,58","149,50","2,67","-11,78%","1,52","0,612","1,42","-3,32","-4,47","0,86","0,527","60.187.000,00","-19,20%","-28,14%","20,99",2017-02-18,"SOND5"
"SOND6","-1,56%","0,00%","0,00","-15,86%","-1,26","90,48","2,67","-11,78%","1,37","0,554","1,29","-3,01","-4,04","0,78","0,477","60.187.000,00","-19,20%","-28,14%","19,00",2017-02-18,"SOND6"
"SPRI3","-18,65%","0,00%","0,00","-0,02%","-6.067,32","2.624,48","4,57","-2,74%","1,84","0,444","1,60","-7.789,32","-18,02","0,56","1,298","70.163.000,00","-3,08%","-0,01%","15,40",2017-02-18,"SPRI3"
"SPRI5","-18,65%","0,00%","0,00","-0,02%","-2.364,86","39,10","4,57","-2,74%","0,96","0,233","0,84","-4.086,86","-9,46","0,29","0,681","70.163.000,00","-3,08%","-0,01%","8,08",2017-02-18,"SPRI5"
"SSBR3","8,54%","0,54%","0,33","65,78%","9,56","2.047.020,00","1,62","46,24%","-1,30","0,315","13,89","6,92","60,35","0,62","4,552","2.454.010.000,00","1,03%","4,80%","20,00",2017-02-18,"SSBR3"
"SULA11","12,56%","2,70%","0,19","-0,31%","92,78","8.744.550,00","1,82","4,21%","-7,78","0,320","0,98","-134,51","9,90","1,38","0,416","4.883.100.000,00","13,90%","-0,57%","19,72",2017-02-18,"SULA11"
"SULT3","-18,59%","0,00%","1,03","-53,39%","-5,59","340,24","0,18","-2,51%","-0,01","0,010","-0,04","-0,32","-68,01","0,06","0,172","190.296.000,00","-0,09%","-3,24%","0,95",2017-02-18,"SULT3"
"SULT4","-18,59%","0,00%","1,03","-53,39%","-5,50","7.598,64","0,18","-2,51%","-0,01","0,008","-0,03","-0,24","-50,11","0,05","0,127","190.296.000,00","-0,09%","-3,24%","0,70",2017-02-18,"SULT4"
"SUZB5","20,60%","2,10%","1,38","25,04%","10,22","46.280.900,00","2,10","17,12%","-1,33","0,510","3,57","6,05","8,86","1,48","1,516","10.143.500.000,00","16,68%","9,85%","13,55",2017-02-18,"SUZB5"
"TAEE11","5,90%","12,55%","0,84","85,37%","8,18","27.235.400,00","3,94","63,54%","-3,24","0,845","4,57","5,60","7,52","1,72","4,780","4.312.760.000,00","22,87%","15,53%","21,54",2017-02-18,"TAEE11"
"TCNO3","16,77%","0,00%","3,34","-10,61%","-16,01","21.380,10","0,34","-17,39%","-0,06","0,044","-0,14","-2,84","-1,73","0,72","0,301","14.607.000,00","-41,62%","-1,94%","1,59",2017-02-18,"TCNO3"
"TCNO4","16,77%","0,00%","3,34","-10,61%","-15,93","64.785,70","0,34","-17,39%","-0,05","0,043","-0,14","-2,77","-1,69","0,70","0,293","14.607.000,00","-41,62%","-1,94%","1,55",2017-02-18,"TCNO4"
"TCSA3","-22,99%","3,09%","0,69","-48,69%","-9,92","3.816.350,00","1,59","-9,49%","6,63","0,258","1,26","-4,57","-31,19","0,54","2,224","1.669.700.000,00","-1,74%","-5,85%","3,31",2017-02-18,"TCSA3"
"TECN3","2,94%","1,09%","0,32","0,70%","160,37","114.648,00","3,34","-6,11%","3,43","0,448","1,14","132,13","-15,16","0,79","0,926","442.289.000,00","-5,21%","0,39%","4,45",2017-02-18,"TECN3"
"TEKA3","-4,60%","0,00%","-0,31","-2,71%","-95,05","14,40","0,03","-82,40%","-0,00","0,003","-0,00","-0,70","-0,02","-0,00","0,019","-1.296.850.000,00","10,13%","-0,77%","6,05",2017-02-18,"TEKA3"
"TEKA4","-4,60%","0,00%","-0,31","-2,71%","-95,51","6.376,07","0,03","-82,40%","-0,00","0,006","-0,00","-1,16","-0,04","-0,00","0,032","-1.296.850.000,00","10,13%","-0,77%","10,00",2017-02-18,"TEKA4"
"TELB3","130,84%","0,00%","-0,55","-394,55%","-3,46","2.276,62","2,49","0,00%","-0,18","0,193","3,43","-2,62","0,00","-1,18","10,323","-450.158.000,00","0,00%","-7,72%","45,00",2017-02-18,"TELB3"
"TELB4","130,84%","0,00%","-0,55","-394,55%","-2,99","570.142,00","2,49","0,00%","-0,15","0,159","2,82","-2,15","0,00","-0,97","8,485","-450.158.000,00","0,00%","-7,72%","36,99",2017-02-18,"TELB4"
"TENE7","0,00%","0,00%","0,00","0,00%","-139,71","23,33","0,00","0,00%","0,00","0,157","0,00","-2,89","-0,19","-0,02","0,000","-59.024.000,00","10,70%","0,00%","9,80",2017-02-18,"TENE7"
"TGMA3","-14,97%","0,00%","0,93","5,98%","14,45","1.563.850,00","1,66","-0,27%","-7,59","0,844","4,59","12,70","-278,82","1,98","0,759","365.895.000,00","-0,71%","9,75%","11,00",2017-02-18,"TGMA3"
"TIET11","12,83%","13,67%","0,87","-10,02%","10,01","11.348.300,00","0,84","-7,78%","-3,53","1,472","-44,29","8,63","14,15","3,66","-0,865","1.657.570.000,00","25,88%","21,39%","15,42",2017-02-18,"TIET11"
"TIET3","12,83%","12,97%","0,87","-10,02%","10,48","23.401,80","0,84","-7,78%","-3,72","1,552","-46,68","9,10","14,91","3,86","-0,911","1.657.570.000,00","25,88%","21,39%","3,25",2017-02-18,"TIET3"
"TIET4","12,83%","13,69%","0,87","-10,02%","10,00","74.724,50","0,84","-7,78%","-3,52","1,470","-44,23","8,62","14,13","3,66","-0,863","1.657.570.000,00","25,88%","21,39%","3,08",2017-02-18,"TIET4"
"TIMP3","-5,04%","1,95%","0,39","12,46%","12,94","26.683.900,00","1,39","4,81%","-3,27","0,694","8,52","12,36","32,07","1,40","1,541","17.187.500.000,00","4,37%","7,61%","9,94",2017-02-18,"TIMP3"
"TKNO4","-6,95%","0,00%","0,00","-18,17%","-2,53","785,10","5,02","-11,32%","1,18","0,392","1,07","-4,33","-6,97","0,45","0,787","195.187.000,00","-6,43%","-11,62%","29,70",2017-02-18,"TKNO4"
"TOTS3","11,15%","3,51%","0,53","39,25%","5,64","14.099.300,00","1,62","5,41%","-18,73","1,789","11,67","5,13","36,98","3,54","2,012","1.230.340.000,00","9,59%","39,42%","26,33",2017-02-18,"TOTS3"
"TOYB3","-47,86%","0,00%","-1,44","-191,24%","-3,88","27.580,80","0,46","-56,11%","-0,81","0,995","-1,21","-1,67","-5,68","-1,08","3,187","-24.515.000,00","18,95%","-67,90%","4,99",2017-02-18,"TOYB3"
"TOYB4","-47,86%","0,00%","-1,44","-191,24%","-4,03","160.745,00","0,46","-56,11%","-0,88","1,085","-1,32","-1,82","-6,19","-1,17","3,474","-24.515.000,00","18,95%","-67,90%","5,44",2017-02-18,"TOYB4"
"TPIS3","25,87%","6,68%","2,32","20,39%","9,41","1.395.120,00","0,11","-4,48%","-0,17","0,118","-0,27","1,79","-9,37","0,52","0,365","1.167.660.000,00","-5,55%","6,94%","3,45",2017-02-18,"TPIS3"
"TRIS3","-16,71%","4,73%","0,42","4,13%","29,21","34.784,50","2,72","2,42%","0,77","0,226","0,51","15,25","29,08","0,40","0,630","502.819.000,00","1,37%","1,57%","2,75",2017-02-18,"TRIS3"
"TRPL3","20,95%","2,48%","0,12","90,90%","1,53","20.151,80","2,96","63,47%","-2,95","0,658","10,29","1,43","2,06","0,98","1,302","10.054.000.000,00","47,76%","47,90%","60,00",2017-02-18,"TRPL3"
"TRPL4","20,95%","2,21%","0,12","90,90%","1,70","25.601.700,00","2,96","63,47%","-3,31","0,739","11,54","1,61","2,31","1,10","1,461","10.054.000.000,00","47,76%","47,90%","67,30",2017-02-18,"TRPL4"
"TRPN3","-10,82%","0,87%","0,00","27,72%","11,37","40.873,50","14,24","9,07%","5,23","4,785","5,23","13,68","41,80","5,14","3,792","43.768.000,00","12,30%","197,48%","5,10",2017-02-18,"TRPN3"
"TUPY3","6,44%","0,00%","0,85","7,36%","10,25","4.912.830,00","2,50","1,05%","-4,50","0,364","1,30","7,35","51,24","0,80","0,540","2.246.590.000,00","1,57%","7,08%","12,54",2017-02-18,"TUPY3"
"TXRX3","-1,74%","0,00%","-0,65","-5,10%","-69,68","1.350,71","0,09","-218,07%","-0,03","0,081","-0,03","-3,44","-0,08","-0,03","0,175","-444.892.000,00","41,66%","-3,18%","3,50",2017-02-18,"TXRX3"
"TXRX4","-1,74%","0,00%","-0,65","-5,10%","-68,98","10.008,00","0,09","-218,07%","-0,02","0,064","-0,02","-2,73","-0,06","-0,03","0,139","-444.892.000,00","41,66%","-3,18%","2,78",2017-02-18,"TXRX4"
"UCAS3","-8,72%","0,00%","0,00","-3,92%","-20,15","787.225,00","1,87","0,52%","4,30","0,726","3,71","-25,06","187,80","0,97","0,983","198.350.000,00","0,52%","-3,50%","2,91",2017-02-18,"UCAS3"
"UGPA3","10,85%","2,33%","1,07","3,88%","14,42","70.481.200,00","2,68","2,07%","-15,68","1,849","6,21","12,51","23,63","4,56","0,486","8.394.210.000,00","19,30%","18,60%","68,81",2017-02-18,"UGPA3"
"UNIP3","38,45%","3,72%","0,58","25,43%","3,78","15.490,80","1,16","11,04%","-1,77","0,380","10,99","2,76","6,37","0,72","0,703","905.045.000,00","11,23%","16,76%","7,75",2017-02-18,"UNIP3"
"UNIP5","38,45%","5,91%","0,58","25,43%","3,79","5.317,12","1,16","11,04%","-1,77","0,381","11,05","2,78","6,40","0,72","0,707","905.045.000,00","11,23%","16,76%","7,79",2017-02-18,"UNIP5"
"UNIP6","38,45%","4,37%","0,58","25,43%","3,61","217.223,00","1,16","11,04%","-1,65","0,356","10,30","2,59","5,97","0,67","0,659","905.045.000,00","11,23%","16,76%","7,26",2017-02-18,"UNIP6"
"USIM3","-8,61%","0,00%","0,50","-5,29%","-35,67","293.040,00","3,73","-22,99%","-2,70","0,452","2,57","-25,74","-6,78","0,85","1,361","13.992.300.000,00","-12,53%","-1,98%","9,49",2017-02-18,"USIM3"
"USIM5","-8,61%","0,00%","0,50","-5,29%","-24,91","74.104.100,00","3,73","-22,99%","-1,57","0,263","1,50","-14,97","-3,95","0,49","0,792","13.992.300.000,00","-12,53%","-1,98%","5,52",2017-02-18,"USIM5"
"USIM6","-8,61%","0,00%","0,50","-5,29%","-23,09","911,00","3,73","-22,99%","-1,38","0,231","1,31","-13,15","-3,47","0,43","0,696","13.992.300.000,00","-12,53%","-1,98%","4,85",2017-02-18,"USIM6"
"VALE3","-1,69%","0,49%","0,79","22,47%","12,71","144.867.000,00","1,80","-24,40%","-1,34","0,535","6,31","8,61","-8,28","1,38","1,934","128.934.000.000,00","-16,61%","6,83%","33,82",2017-02-18,"VALE3"
"VALE5","-1,69%","0,52%","0,79","22,47%","12,23","604.894.000,00","1,80","-24,40%","-1,27","0,505","5,95","8,12","-7,81","1,30","1,824","128.934.000.000,00","-16,61%","6,83%","31,91",2017-02-18,"VALE5"
"VIVR3","-30,33%","0,00%","-2,48","3.251,08%","-9,96","857.935,00","0,64","10.428,30%","-0,01","0,008","-0,02","-0,09","-0,03","-0,02","-2,847","-428.732.000,00","78,48%","-10,12%","2,70",2017-02-18,"VIVR3"
"VIVT3","5,86%","3,15%","0,13","14,26%","11,22","1.150.990,00","0,90","9,33%","-4,43","0,637","-32,67","10,71","16,38","0,94","1,528","68.663.700.000,00","5,76%","6,83%","38,30",2017-02-18,"VIVT3"
"VIVT4","5,86%","2,81%","0,13","14,26%","13,73","64.151.400,00","0,90","9,33%","-5,47","0,786","-40,33","13,22","20,22","1,16","1,886","68.663.700.000,00","5,76%","6,83%","47,28",2017-02-18,"VIVT4"
"VLID3","17,50%","3,96%","0,86","11,00%","10,30","8.804.470,00","1,72","4,78%","-9,74","0,723","3,76","8,10","12,27","1,57","0,891","994.813.000,00","12,81%","11,96%","24,14",2017-02-18,"VLID3"
"VTLM3","0,00%","0,00%","0,00","0,00%","-0,91","66.360,20","0,00","0,00%","0,00","2,525","0,00","-0,92","-46,32","-1,98","0,000","-3.025.000,00","4,26%","0,00%","0,79",2017-02-18,"VTLM3"
"VULC3","-13,22%","0,00%","15,35","8,06%","15,78","76.066,70","0,97","-2,55%","-1,27","0,486","-25,15","7,87","-24,87","14,91","0,635","37.654.000,00","-59,93%","6,66%","3,03",2017-02-18,"VULC3"
"VVAR11","-5,65%","0,07%","0,75","5,57%","6,16","13.779.300,00","1,13","-1,83%","-2,98","0,330","4,82","4,52","-13,77","1,13","0,252","4.141.000.000,00","-8,21%","10,19%","10,88",2017-02-18,"VVAR11"
"VVAR3","-5,65%","0,07%","0,75","5,57%","6,16","65.778,40","1,13","-1,83%","-2,97","0,330","4,81","4,51","-13,75","1,13","0,251","4.141.000.000,00","-8,21%","10,19%","3,62",2017-02-18,"VVAR3"
"WEGE3","13,94%","2,21%","0,81","12,64%","22,37","25.860.700,00","3,04","12,21%","18,19","2,015","4,46","22,35","23,32","4,70","2,826","5.851.970.000,00","20,14%","14,67%","17,02",2017-02-18,"WEGE3"
"WHRL3","4,21%","0,00%","0,06","5,74%","7,75","10.201,10","1,22","3,13%","13,95","0,771","6,61","8,51","16,10","2,01","0,489","2.382.940.000,00","12,45%","16,71%","3,18",2017-02-18,"WHRL3"
"WHRL4","4,21%","0,00%","0,06","5,74%","7,85","16.896,20","1,22","3,13%","14,12","0,781","6,69","8,62","16,31","2,03","0,495","2.382.940.000,00","12,45%","16,71%","3,22",2017-02-18,"WHRL4"
"WSON33","5,63%","0,00%","0,72","23,22%","8,42","1.071.360,00","1,54","20,00%","-2,29","0,715","10,51","6,12","7,15","1,45","1,422","1.622.380.000,00","20,24%","13,93%","33,00",2017-02-18,"WSON33"
